cell_id,latitude,longitude
CELL_00000,7.0,93.75
CELL_00001,8.25,77.25
CELL_00002,8.25,77.5
CELL_00003,8.25,77.75
CELL_00004,8.5,77.0
CELL_00005,8.5,77.25
CELL_00006,8.5,77.5
CELL_00007,8.5,77.75
CELL_00008,8.5,78.0
CELL_00009,8.75,76.75
CELL_00010,8.75,77.0
CELL_00011,8.75,77.25
CELL_00012,8.75,77.5
CELL_00013,8.75,77.75
CELL_00014,8.75,78.0
CELL_00015,9.0,76.75
CELL_00016,9.0,77.0
CELL_00017,9.0,77.25
CELL_00018,9.0,77.5
CELL_00019,9.0,77.75
CELL_00020,9.0,78.0
CELL_00021,9.0,78.25
CELL_00022,9.25,76.5
CELL_00023,9.25,76.75
CELL_00024,9.25,77.0
CELL_00025,9.25,77.25
CELL_00026,9.25,77.5
CELL_00027,9.25,77.75
CELL_00028,9.25,78.0
CELL_00029,9.25,78.25
CELL_00030,9.25,78.5
CELL_00031,9.25,78.75
CELL_00032,9.5,76.5
CELL_00033,9.5,76.75
CELL_00034,9.5,77.0
CELL_00035,9.5,77.25
CELL_00036,9.5,77.5
CELL_00037,9.5,77.75
CELL_00038,9.5,78.0
CELL_00039,9.5,78.25
CELL_00040,9.5,78.5
CELL_00041,9.5,78.75
CELL_00042,9.75,76.5
CELL_00043,9.75,76.75
CELL_00044,9.75,77.0
CELL_00045,9.75,77.25
CELL_00046,9.75,77.5
CELL_00047,9.75,77.75
CELL_00048,9.75,78.0
CELL_00049,9.75,78.25
CELL_00050,9.75,78.5
CELL_00051,9.75,78.75
CELL_00052,9.75,79.0
CELL_00053,10.0,76.25
CELL_00054,10.0,76.5
CELL_00055,10.0,76.75
CELL_00056,10.0,77.0
CELL_00057,10.0,77.25
CELL_00058,10.0,77.5
CELL_00059,10.0,77.75
CELL_00060,10.0,78.0
CELL_00061,10.0,78.25
CELL_00062,10.0,78.5
CELL_00063,10.0,78.75
CELL_00064,10.0,79.0
CELL_00065,10.25,76.25
CELL_00066,10.25,76.5
CELL_00067,10.25,76.75
CELL_00068,10.25,77.0
CELL_00069,10.25,77.25
CELL_00070,10.25,77.5
CELL_00071,10.25,77.75
CELL_00072,10.25,78.0
CELL_00073,10.25,78.25
CELL_00074,10.25,78.5
CELL_00075,10.25,78.75
CELL_00076,10.25,79.0
CELL_00077,10.25,79.25
CELL_00078,10.5,76.25
CELL_00079,10.5,76.5
CELL_00080,10.5,76.75
CELL_00081,10.5,77.0
CELL_00082,10.5,77.25
CELL_00083,10.5,77.5
CELL_00084,10.5,77.75
CELL_00085,10.5,78.0
CELL_00086,10.5,78.25
CELL_00087,10.5,78.5
CELL_00088,10.5,78.75
CELL_00089,10.5,79.0
CELL_00090,10.5,79.25
CELL_00091,10.5,79.5
CELL_00092,10.5,79.75
CELL_00093,10.75,76.0
CELL_00094,10.75,76.25
CELL_00095,10.75,76.5
CELL_00096,10.75,76.75
CELL_00097,10.75,77.0
CELL_00098,10.75,77.25
CELL_00099,10.75,77.5
CELL_00100,10.75,77.75
CELL_00101,10.75,78.0
CELL_00102,10.75,78.25
CELL_00103,10.75,78.5
CELL_00104,10.75,78.75
CELL_00105,10.75,79.0
CELL_00106,10.75,79.25
CELL_00107,10.75,79.5
CELL_00108,10.75,79.75
CELL_00109,10.75,92.5
CELL_00110,11.0,76.0
CELL_00111,11.0,76.25
CELL_00112,11.0,76.5
CELL_00113,11.0,76.75
CELL_00114,11.0,77.0
CELL_00115,11.0,77.25
CELL_00116,11.0,77.5
CELL_00117,11.0,77.75
CELL_00118,11.0,78.0
CELL_00119,11.0,78.25
CELL_00120,11.0,78.5
CELL_00121,11.0,78.75
CELL_00122,11.0,79.0
CELL_00123,11.0,79.25
CELL_00124,11.0,79.5
CELL_00125,11.0,79.75
CELL_00126,11.25,76.0
CELL_00127,11.25,76.25
CELL_00128,11.25,76.5
CELL_00129,11.25,76.75
CELL_00130,11.25,77.0
CELL_00131,11.25,77.25
CELL_00132,11.25,77.5
CELL_00133,11.25,77.75
CELL_00134,11.25,78.0
CELL_00135,11.25,78.25
CELL_00136,11.25,78.5
CELL_00137,11.25,78.75
CELL_00138,11.25,79.0
CELL_00139,11.25,79.25
CELL_00140,11.25,79.5
CELL_00141,11.25,79.75
CELL_00142,11.5,75.75
CELL_00143,11.5,76.0
CELL_00144,11.5,76.25
CELL_00145,11.5,76.5
CELL_00146,11.5,76.75
CELL_00147,11.5,77.0
CELL_00148,11.5,77.25
CELL_00149,11.5,77.5
CELL_00150,11.5,77.75
CELL_00151,11.5,78.0
CELL_00152,11.5,78.25
CELL_00153,11.5,78.5
CELL_00154,11.5,78.75
CELL_00155,11.5,79.0
CELL_00156,11.5,79.25
CELL_00157,11.5,79.5
CELL_00158,11.5,79.75
CELL_00159,11.75,75.5
CELL_00160,11.75,75.75
CELL_00161,11.75,76.0
CELL_00162,11.75,76.25
CELL_00163,11.75,76.5
CELL_00164,11.75,76.75
CELL_00165,11.75,77.0
CELL_00166,11.75,77.25
CELL_00167,11.75,77.5
CELL_00168,11.75,77.75
CELL_00169,11.75,78.0
CELL_00170,11.75,78.25
CELL_00171,11.75,78.5
CELL_00172,11.75,78.75
CELL_00173,11.75,79.0
CELL_00174,11.75,79.25
CELL_00175,11.75,79.5
CELL_00176,11.75,79.75
CELL_00177,11.75,92.75
CELL_00178,12.0,75.5
CELL_00179,12.0,75.75
CELL_00180,12.0,76.0
CELL_00181,12.0,76.25
CELL_00182,12.0,76.5
CELL_00183,12.0,76.75
CELL_00184,12.0,77.0
CELL_00185,12.0,77.25
CELL_00186,12.0,77.5
CELL_00187,12.0,77.75
CELL_00188,12.0,78.0
CELL_00189,12.0,78.25
CELL_00190,12.0,78.5
CELL_00191,12.0,78.75
CELL_00192,12.0,79.0
CELL_00193,12.0,79.25
CELL_00194,12.0,79.5
CELL_00195,12.0,79.75
CELL_00196,12.0,92.75
CELL_00197,12.0,93.0
CELL_00198,12.25,75.25
CELL_00199,12.25,75.5
CELL_00200,12.25,75.75
CELL_00201,12.25,76.0
CELL_00202,12.25,76.25
CELL_00203,12.25,76.5
CELL_00204,12.25,76.75
CELL_00205,12.25,77.0
CELL_00206,12.25,77.25
CELL_00207,12.25,77.5
CELL_00208,12.25,77.75
CELL_00209,12.25,78.0
CELL_00210,12.25,78.25
CELL_00211,12.25,78.5
CELL_00212,12.25,78.75
CELL_00213,12.25,79.0
CELL_00214,12.25,79.25
CELL_00215,12.25,79.5
CELL_00216,12.25,79.75
CELL_00217,12.25,80.0
CELL_00218,12.25,92.75
CELL_00219,12.5,75.0
CELL_00220,12.5,75.25
CELL_00221,12.5,75.5
CELL_00222,12.5,75.75
CELL_00223,12.5,76.0
CELL_00224,12.5,76.25
CELL_00225,12.5,76.5
CELL_00226,12.5,76.75
CELL_00227,12.5,77.0
CELL_00228,12.5,77.25
CELL_00229,12.5,77.5
CELL_00230,12.5,77.75
CELL_00231,12.5,78.0
CELL_00232,12.5,78.25
CELL_00233,12.5,78.5
CELL_00234,12.5,78.75
CELL_00235,12.5,79.0
CELL_00236,12.5,79.25
CELL_00237,12.5,79.5
CELL_00238,12.5,79.75
CELL_00239,12.5,80.0
CELL_00240,12.5,92.75
CELL_00241,12.75,75.0
CELL_00242,12.75,75.25
CELL_00243,12.75,75.5
CELL_00244,12.75,75.75
CELL_00245,12.75,76.0
CELL_00246,12.75,76.25
CELL_00247,12.75,76.5
CELL_00248,12.75,76.75
CELL_00249,12.75,77.0
CELL_00250,12.75,77.25
CELL_00251,12.75,77.5
CELL_00252,12.75,77.75
CELL_00253,12.75,78.0
CELL_00254,12.75,78.25
CELL_00255,12.75,78.5
CELL_00256,12.75,78.75
CELL_00257,12.75,79.0
CELL_00258,12.75,79.25
CELL_00259,12.75,79.5
CELL_00260,12.75,79.75
CELL_00261,12.75,80.0
CELL_00262,12.75,92.75
CELL_00263,13.0,75.0
CELL_00264,13.0,75.25
CELL_00265,13.0,75.5
CELL_00266,13.0,75.75
CELL_00267,13.0,76.0
CELL_00268,13.0,76.25
CELL_00269,13.0,76.5
CELL_00270,13.0,76.75
CELL_00271,13.0,77.0
CELL_00272,13.0,77.25
CELL_00273,13.0,77.5
CELL_00274,13.0,77.75
CELL_00275,13.0,78.0
CELL_00276,13.0,78.25
CELL_00277,13.0,78.5
CELL_00278,13.0,78.75
CELL_00279,13.0,79.0
CELL_00280,13.0,79.25
CELL_00281,13.0,79.5
CELL_00282,13.0,79.75
CELL_00283,13.0,80.0
CELL_00284,13.0,80.25
CELL_00285,13.25,74.75
CELL_00286,13.25,75.0
CELL_00287,13.25,75.25
CELL_00288,13.25,75.5
CELL_00289,13.25,75.75
CELL_00290,13.25,76.0
CELL_00291,13.25,76.25
CELL_00292,13.25,76.5
CELL_00293,13.25,76.75
CELL_00294,13.25,77.0
CELL_00295,13.25,77.25
CELL_00296,13.25,77.5
CELL_00297,13.25,77.75
CELL_00298,13.25,78.0
CELL_00299,13.25,78.25
CELL_00300,13.25,78.5
CELL_00301,13.25,78.75
CELL_00302,13.25,79.0
CELL_00303,13.25,79.25
CELL_00304,13.25,79.5
CELL_00305,13.25,79.75
CELL_00306,13.25,80.0
CELL_00307,13.25,80.25
CELL_00308,13.25,93.0
CELL_00309,13.5,74.75
CELL_00310,13.5,75.0
CELL_00311,13.5,75.25
CELL_00312,13.5,75.5
CELL_00313,13.5,75.75
CELL_00314,13.5,76.0
CELL_00315,13.5,76.25
CELL_00316,13.5,76.5
CELL_00317,13.5,76.75
CELL_00318,13.5,77.0
CELL_00319,13.5,77.25
CELL_00320,13.5,77.5
CELL_00321,13.5,77.75
CELL_00322,13.5,78.0
CELL_00323,13.5,78.25
CELL_00324,13.5,78.5
CELL_00325,13.5,78.75
CELL_00326,13.5,79.0
CELL_00327,13.5,79.25
CELL_00328,13.5,79.5
CELL_00329,13.5,79.75
CELL_00330,13.5,80.0
CELL_00331,13.5,80.25
CELL_00332,13.5,93.0
CELL_00333,13.75,74.75
CELL_00334,13.75,75.0
CELL_00335,13.75,75.25
CELL_00336,13.75,75.5
CELL_00337,13.75,75.75
CELL_00338,13.75,76.0
CELL_00339,13.75,76.25
CELL_00340,13.75,76.5
CELL_00341,13.75,76.75
CELL_00342,13.75,77.0
CELL_00343,13.75,77.25
CELL_00344,13.75,77.5
CELL_00345,13.75,77.75
CELL_00346,13.75,78.0
CELL_00347,13.75,78.25
CELL_00348,13.75,78.5
CELL_00349,13.75,78.75
CELL_00350,13.75,79.0
CELL_00351,13.75,79.25
CELL_00352,13.75,79.5
CELL_00353,13.75,79.75
CELL_00354,13.75,80.0
CELL_00355,14.0,74.75
CELL_00356,14.0,75.0
CELL_00357,14.0,75.25
CELL_00358,14.0,75.5
CELL_00359,14.0,75.75
CELL_00360,14.0,76.0
CELL_00361,14.0,76.25
CELL_00362,14.0,76.5
CELL_00363,14.0,76.75
CELL_00364,14.0,77.0
CELL_00365,14.0,77.25
CELL_00366,14.0,77.5
CELL_00367,14.0,77.75
CELL_00368,14.0,78.0
CELL_00369,14.0,78.25
CELL_00370,14.0,78.5
CELL_00371,14.0,78.75
CELL_00372,14.0,79.0
CELL_00373,14.0,79.25
CELL_00374,14.0,79.5
CELL_00375,14.0,79.75
CELL_00376,14.0,80.0
CELL_00377,14.25,74.75
CELL_00378,14.25,75.0
CELL_00379,14.25,75.25
CELL_00380,14.25,75.5
CELL_00381,14.25,75.75
CELL_00382,14.25,76.0
CELL_00383,14.25,76.25
CELL_00384,14.25,76.5
CELL_00385,14.25,76.75
CELL_00386,14.25,77.0
CELL_00387,14.25,77.25
CELL_00388,14.25,77.5
CELL_00389,14.25,77.75
CELL_00390,14.25,78.0
CELL_00391,14.25,78.25
CELL_00392,14.25,78.5
CELL_00393,14.25,78.75
CELL_00394,14.25,79.0
CELL_00395,14.25,79.25
CELL_00396,14.25,79.5
CELL_00397,14.25,79.75
CELL_00398,14.25,80.0
CELL_00399,14.5,74.5
CELL_00400,14.5,74.75
CELL_00401,14.5,75.0
CELL_00402,14.5,75.25
CELL_00403,14.5,75.5
CELL_00404,14.5,75.75
CELL_00405,14.5,76.0
CELL_00406,14.5,76.25
CELL_00407,14.5,76.5
CELL_00408,14.5,76.75
CELL_00409,14.5,77.0
CELL_00410,14.5,77.25
CELL_00411,14.5,77.5
CELL_00412,14.5,77.75
CELL_00413,14.5,78.0
CELL_00414,14.5,78.25
CELL_00415,14.5,78.5
CELL_00416,14.5,78.75
CELL_00417,14.5,79.0
CELL_00418,14.5,79.25
CELL_00419,14.5,79.5
CELL_00420,14.5,79.75
CELL_00421,14.5,80.0
CELL_00422,14.75,74.25
CELL_00423,14.75,74.5
CELL_00424,14.75,74.75
CELL_00425,14.75,75.0
CELL_00426,14.75,75.25
CELL_00427,14.75,75.5
CELL_00428,14.75,75.75
CELL_00429,14.75,76.0
CELL_00430,14.75,76.25
CELL_00431,14.75,76.5
CELL_00432,14.75,76.75
CELL_00433,14.75,77.0
CELL_00434,14.75,77.25
CELL_00435,14.75,77.5
CELL_00436,14.75,77.75
CELL_00437,14.75,78.0
CELL_00438,14.75,78.25
CELL_00439,14.75,78.5
CELL_00440,14.75,78.75
CELL_00441,14.75,79.0
CELL_00442,14.75,79.25
CELL_00443,14.75,79.5
CELL_00444,14.75,79.75
CELL_00445,14.75,80.0
CELL_00446,15.0,74.25
CELL_00447,15.0,74.5
CELL_00448,15.0,74.75
CELL_00449,15.0,75.0
CELL_00450,15.0,75.25
CELL_00451,15.0,75.5
CELL_00452,15.0,75.75
CELL_00453,15.0,76.0
CELL_00454,15.0,76.25
CELL_00455,15.0,76.5
CELL_00456,15.0,76.75
CELL_00457,15.0,77.0
CELL_00458,15.0,77.25
CELL_00459,15.0,77.5
CELL_00460,15.0,77.75
CELL_00461,15.0,78.0
CELL_00462,15.0,78.25
CELL_00463,15.0,78.5
CELL_00464,15.0,78.75
CELL_00465,15.0,79.0
CELL_00466,15.0,79.25
CELL_00467,15.0,79.5
CELL_00468,15.0,79.75
CELL_00469,15.0,80.0
CELL_00470,15.25,74.0
CELL_00471,15.25,74.25
CELL_00472,15.25,74.5
CELL_00473,15.25,74.75
CELL_00474,15.25,75.0
CELL_00475,15.25,75.25
CELL_00476,15.25,75.5
CELL_00477,15.25,75.75
CELL_00478,15.25,76.0
CELL_00479,15.25,76.25
CELL_00480,15.25,76.5
CELL_00481,15.25,76.75
CELL_00482,15.25,77.0
CELL_00483,15.25,77.25
CELL_00484,15.25,77.5
CELL_00485,15.25,77.75
CELL_00486,15.25,78.0
CELL_00487,15.25,78.25
CELL_00488,15.25,78.5
CELL_00489,15.25,78.75
CELL_00490,15.25,79.0
CELL_00491,15.25,79.25
CELL_00492,15.25,79.5
CELL_00493,15.25,79.75
CELL_00494,15.25,80.0
CELL_00495,15.5,74.0
CELL_00496,15.5,74.25
CELL_00497,15.5,74.5
CELL_00498,15.5,74.75
CELL_00499,15.5,75.0
CELL_00500,15.5,75.25
CELL_00501,15.5,75.5
CELL_00502,15.5,75.75
CELL_00503,15.5,76.0
CELL_00504,15.5,76.25
CELL_00505,15.5,76.5
CELL_00506,15.5,76.75
CELL_00507,15.5,77.0
CELL_00508,15.5,77.25
CELL_00509,15.5,77.5
CELL_00510,15.5,77.75
CELL_00511,15.5,78.0
CELL_00512,15.5,78.25
CELL_00513,15.5,78.5
CELL_00514,15.5,78.75
CELL_00515,15.5,79.0
CELL_00516,15.5,79.25
CELL_00517,15.5,79.5
CELL_00518,15.5,79.75
CELL_00519,15.5,80.0
CELL_00520,15.75,73.75
CELL_00521,15.75,74.0
CELL_00522,15.75,74.25
CELL_00523,15.75,74.5
CELL_00524,15.75,74.75
CELL_00525,15.75,75.0
CELL_00526,15.75,75.25
CELL_00527,15.75,75.5
CELL_00528,15.75,75.75
CELL_00529,15.75,76.0
CELL_00530,15.75,76.25
CELL_00531,15.75,76.5
CELL_00532,15.75,76.75
CELL_00533,15.75,77.0
CELL_00534,15.75,77.25
CELL_00535,15.75,77.5
CELL_00536,15.75,77.75
CELL_00537,15.75,78.0
CELL_00538,15.75,78.25
CELL_00539,15.75,78.5
CELL_00540,15.75,78.75
CELL_00541,15.75,79.0
CELL_00542,15.75,79.25
CELL_00543,15.75,79.5
CELL_00544,15.75,79.75
CELL_00545,15.75,80.0
CELL_00546,15.75,80.25
CELL_00547,16.0,73.5
CELL_00548,16.0,73.75
CELL_00549,16.0,74.0
CELL_00550,16.0,74.25
CELL_00551,16.0,74.5
CELL_00552,16.0,74.75
CELL_00553,16.0,75.0
CELL_00554,16.0,75.25
CELL_00555,16.0,75.5
CELL_00556,16.0,75.75
CELL_00557,16.0,76.0
CELL_00558,16.0,76.25
CELL_00559,16.0,76.5
CELL_00560,16.0,76.75
CELL_00561,16.0,77.0
CELL_00562,16.0,77.25
CELL_00563,16.0,77.5
CELL_00564,16.0,77.75
CELL_00565,16.0,78.0
CELL_00566,16.0,78.25
CELL_00567,16.0,78.5
CELL_00568,16.0,78.75
CELL_00569,16.0,79.0
CELL_00570,16.0,79.25
CELL_00571,16.0,79.5
CELL_00572,16.0,79.75
CELL_00573,16.0,80.0
CELL_00574,16.0,80.25
CELL_00575,16.0,80.5
CELL_00576,16.0,80.75
CELL_00577,16.0,81.0
CELL_00578,16.25,73.5
CELL_00579,16.25,73.75
CELL_00580,16.25,74.0
CELL_00581,16.25,74.25
CELL_00582,16.25,74.5
CELL_00583,16.25,74.75
CELL_00584,16.25,75.0
CELL_00585,16.25,75.25
CELL_00586,16.25,75.5
CELL_00587,16.25,75.75
CELL_00588,16.25,76.0
CELL_00589,16.25,76.25
CELL_00590,16.25,76.5
CELL_00591,16.25,76.75
CELL_00592,16.25,77.0
CELL_00593,16.25,77.25
CELL_00594,16.25,77.5
CELL_00595,16.25,77.75
CELL_00596,16.25,78.0
CELL_00597,16.25,78.25
CELL_00598,16.25,78.5
CELL_00599,16.25,78.75
CELL_00600,16.25,79.0
CELL_00601,16.25,79.25
CELL_00602,16.25,79.5
CELL_00603,16.25,79.75
CELL_00604,16.25,80.0
CELL_00605,16.25,80.25
CELL_00606,16.25,80.5
CELL_00607,16.25,80.75
CELL_00608,16.25,81.0
CELL_00609,16.5,73.5
CELL_00610,16.5,73.75
CELL_00611,16.5,74.0
CELL_00612,16.5,74.25
CELL_00613,16.5,74.5
CELL_00614,16.5,74.75
CELL_00615,16.5,75.0
CELL_00616,16.5,75.25
CELL_00617,16.5,75.5
CELL_00618,16.5,75.75
CELL_00619,16.5,76.0
CELL_00620,16.5,76.25
CELL_00621,16.5,76.5
CELL_00622,16.5,76.75
CELL_00623,16.5,77.0
CELL_00624,16.5,77.25
CELL_00625,16.5,77.5
CELL_00626,16.5,77.75
CELL_00627,16.5,78.0
CELL_00628,16.5,78.25
CELL_00629,16.5,78.5
CELL_00630,16.5,78.75
CELL_00631,16.5,79.0
CELL_00632,16.5,79.25
CELL_00633,16.5,79.5
CELL_00634,16.5,79.75
CELL_00635,16.5,80.0
CELL_00636,16.5,80.25
CELL_00637,16.5,80.5
CELL_00638,16.5,80.75
CELL_00639,16.5,81.0
CELL_00640,16.5,81.25
CELL_00641,16.5,81.5
CELL_00642,16.5,81.75
CELL_00643,16.5,82.0
CELL_00644,16.75,73.5
CELL_00645,16.75,73.75
CELL_00646,16.75,74.0
CELL_00647,16.75,74.25
CELL_00648,16.75,74.5
CELL_00649,16.75,74.75
CELL_00650,16.75,75.0
CELL_00651,16.75,75.25
CELL_00652,16.75,75.5
CELL_00653,16.75,75.75
CELL_00654,16.75,76.0
CELL_00655,16.75,76.25
CELL_00656,16.75,76.5
CELL_00657,16.75,76.75
CELL_00658,16.75,77.0
CELL_00659,16.75,77.25
CELL_00660,16.75,77.5
CELL_00661,16.75,77.75
CELL_00662,16.75,78.0
CELL_00663,16.75,78.25
CELL_00664,16.75,78.5
CELL_00665,16.75,78.75
CELL_00666,16.75,79.0
CELL_00667,16.75,79.25
CELL_00668,16.75,79.5
CELL_00669,16.75,79.75
CELL_00670,16.75,80.0
CELL_00671,16.75,80.25
CELL_00672,16.75,80.5
CELL_00673,16.75,80.75
CELL_00674,16.75,81.0
CELL_00675,16.75,81.25
CELL_00676,16.75,81.5
CELL_00677,16.75,81.75
CELL_00678,16.75,82.0
CELL_00679,16.75,82.25
CELL_00680,17.0,73.5
CELL_00681,17.0,73.75
CELL_00682,17.0,74.0
CELL_00683,17.0,74.25
CELL_00684,17.0,74.5
CELL_00685,17.0,74.75
CELL_00686,17.0,75.0
CELL_00687,17.0,75.25
CELL_00688,17.0,75.5
CELL_00689,17.0,75.75
CELL_00690,17.0,76.0
CELL_00691,17.0,76.25
CELL_00692,17.0,76.5
CELL_00693,17.0,76.75
CELL_00694,17.0,77.0
CELL_00695,17.0,77.25
CELL_00696,17.0,77.5
CELL_00697,17.0,77.75
CELL_00698,17.0,78.0
CELL_00699,17.0,78.25
CELL_00700,17.0,78.5
CELL_00701,17.0,78.75
CELL_00702,17.0,79.0
CELL_00703,17.0,79.25
CELL_00704,17.0,79.5
CELL_00705,17.0,79.75
CELL_00706,17.0,80.0
CELL_00707,17.0,80.25
CELL_00708,17.0,80.5
CELL_00709,17.0,80.75
CELL_00710,17.0,81.0
CELL_00711,17.0,81.25
CELL_00712,17.0,81.5
CELL_00713,17.0,81.75
CELL_00714,17.0,82.0
CELL_00715,17.0,82.25
CELL_00716,17.25,73.25
CELL_00717,17.25,73.5
CELL_00718,17.25,73.75
CELL_00719,17.25,74.0
CELL_00720,17.25,74.25
CELL_00721,17.25,74.5
CELL_00722,17.25,74.75
CELL_00723,17.25,75.0
CELL_00724,17.25,75.25
CELL_00725,17.25,75.5
CELL_00726,17.25,75.75
CELL_00727,17.25,76.0
CELL_00728,17.25,76.25
CELL_00729,17.25,76.5
CELL_00730,17.25,76.75
CELL_00731,17.25,77.0
CELL_00732,17.25,77.25
CELL_00733,17.25,77.5
CELL_00734,17.25,77.75
CELL_00735,17.25,78.0
CELL_00736,17.25,78.25
CELL_00737,17.25,78.5
CELL_00738,17.25,78.75
CELL_00739,17.25,79.0
CELL_00740,17.25,79.25
CELL_00741,17.25,79.5
CELL_00742,17.25,79.75
CELL_00743,17.25,80.0
CELL_00744,17.25,80.25
CELL_00745,17.25,80.5
CELL_00746,17.25,80.75
CELL_00747,17.25,81.0
CELL_00748,17.25,81.25
CELL_00749,17.25,81.5
CELL_00750,17.25,81.75
CELL_00751,17.25,82.0
CELL_00752,17.25,82.25
CELL_00753,17.25,82.5
CELL_00754,17.5,73.25
CELL_00755,17.5,73.5
CELL_00756,17.5,73.75
CELL_00757,17.5,74.0
CELL_00758,17.5,74.25
CELL_00759,17.5,74.5
CELL_00760,17.5,74.75
CELL_00761,17.5,75.0
CELL_00762,17.5,75.25
CELL_00763,17.5,75.5
CELL_00764,17.5,75.75
CELL_00765,17.5,76.0
CELL_00766,17.5,76.25
CELL_00767,17.5,76.5
CELL_00768,17.5,76.75
CELL_00769,17.5,77.0
CELL_00770,17.5,77.25
CELL_00771,17.5,77.5
CELL_00772,17.5,77.75
CELL_00773,17.5,78.0
CELL_00774,17.5,78.25
CELL_00775,17.5,78.5
CELL_00776,17.5,78.75
CELL_00777,17.5,79.0
CELL_00778,17.5,79.25
CELL_00779,17.5,79.5
CELL_00780,17.5,79.75
CELL_00781,17.5,80.0
CELL_00782,17.5,80.25
CELL_00783,17.5,80.5
CELL_00784,17.5,80.75
CELL_00785,17.5,81.0
CELL_00786,17.5,81.25
CELL_00787,17.5,81.5
CELL_00788,17.5,81.75
CELL_00789,17.5,82.0
CELL_00790,17.5,82.25
CELL_00791,17.5,82.5
CELL_00792,17.5,82.75
CELL_00793,17.5,83.0
CELL_00794,17.75,73.25
CELL_00795,17.75,73.5
CELL_00796,17.75,73.75
CELL_00797,17.75,74.0
CELL_00798,17.75,74.25
CELL_00799,17.75,74.5
CELL_00800,17.75,74.75
CELL_00801,17.75,75.0
CELL_00802,17.75,75.25
CELL_00803,17.75,75.5
CELL_00804,17.75,75.75
CELL_00805,17.75,76.0
CELL_00806,17.75,76.25
CELL_00807,17.75,76.5
CELL_00808,17.75,76.75
CELL_00809,17.75,77.0
CELL_00810,17.75,77.25
CELL_00811,17.75,77.5
CELL_00812,17.75,77.75
CELL_00813,17.75,78.0
CELL_00814,17.75,78.25
CELL_00815,17.75,78.5
CELL_00816,17.75,78.75
CELL_00817,17.75,79.0
CELL_00818,17.75,79.25
CELL_00819,17.75,79.5
CELL_00820,17.75,79.75
CELL_00821,17.75,80.0
CELL_00822,17.75,80.25
CELL_00823,17.75,80.5
CELL_00824,17.75,80.75
CELL_00825,17.75,81.0
CELL_00826,17.75,81.25
CELL_00827,17.75,81.5
CELL_00828,17.75,81.75
CELL_00829,17.75,82.0
CELL_00830,17.75,82.25
CELL_00831,17.75,82.5
CELL_00832,17.75,82.75
CELL_00833,17.75,83.0
CELL_00834,17.75,83.25
CELL_00835,18.0,73.25
CELL_00836,18.0,73.5
CELL_00837,18.0,73.75
CELL_00838,18.0,74.0
CELL_00839,18.0,74.25
CELL_00840,18.0,74.5
CELL_00841,18.0,74.75
CELL_00842,18.0,75.0
CELL_00843,18.0,75.25
CELL_00844,18.0,75.5
CELL_00845,18.0,75.75
CELL_00846,18.0,76.0
CELL_00847,18.0,76.25
CELL_00848,18.0,76.5
CELL_00849,18.0,76.75
CELL_00850,18.0,77.0
CELL_00851,18.0,77.25
CELL_00852,18.0,77.5
CELL_00853,18.0,77.75
CELL_00854,18.0,78.0
CELL_00855,18.0,78.25
CELL_00856,18.0,78.5
CELL_00857,18.0,78.75
CELL_00858,18.0,79.0
CELL_00859,18.0,79.25
CELL_00860,18.0,79.5
CELL_00861,18.0,79.75
CELL_00862,18.0,80.0
CELL_00863,18.0,80.25
CELL_00864,18.0,80.5
CELL_00865,18.0,80.75
CELL_00866,18.0,81.0
CELL_00867,18.0,81.25
CELL_00868,18.0,81.5
CELL_00869,18.0,81.75
CELL_00870,18.0,82.0
CELL_00871,18.0,82.25
CELL_00872,18.0,82.5
CELL_00873,18.0,82.75
CELL_00874,18.0,83.0
CELL_00875,18.0,83.25
CELL_00876,18.0,83.5
CELL_00877,18.25,73.0
CELL_00878,18.25,73.25
CELL_00879,18.25,73.5
CELL_00880,18.25,73.75
CELL_00881,18.25,74.0
CELL_00882,18.25,74.25
CELL_00883,18.25,74.5
CELL_00884,18.25,74.75
CELL_00885,18.25,75.0
CELL_00886,18.25,75.25
CELL_00887,18.25,75.5
CELL_00888,18.25,75.75
CELL_00889,18.25,76.0
CELL_00890,18.25,76.25
CELL_00891,18.25,76.5
CELL_00892,18.25,76.75
CELL_00893,18.25,77.0
CELL_00894,18.25,77.25
CELL_00895,18.25,77.5
CELL_00896,18.25,77.75
CELL_00897,18.25,78.0
CELL_00898,18.25,78.25
CELL_00899,18.25,78.5
CELL_00900,18.25,78.75
CELL_00901,18.25,79.0
CELL_00902,18.25,79.25
CELL_00903,18.25,79.5
CELL_00904,18.25,79.75
CELL_00905,18.25,80.0
CELL_00906,18.25,80.25
CELL_00907,18.25,80.5
CELL_00908,18.25,80.75
CELL_00909,18.25,81.0
CELL_00910,18.25,81.25
CELL_00911,18.25,81.5
CELL_00912,18.25,81.75
CELL_00913,18.25,82.0
CELL_00914,18.25,82.25
CELL_00915,18.25,82.5
CELL_00916,18.25,82.75
CELL_00917,18.25,83.0
CELL_00918,18.25,83.25
CELL_00919,18.25,83.5
CELL_00920,18.25,83.75
CELL_00921,18.25,84.0
CELL_00922,18.5,73.0
CELL_00923,18.5,73.25
CELL_00924,18.5,73.5
CELL_00925,18.5,73.75
CELL_00926,18.5,74.0
CELL_00927,18.5,74.25
CELL_00928,18.5,74.5
CELL_00929,18.5,74.75
CELL_00930,18.5,75.0
CELL_00931,18.5,75.25
CELL_00932,18.5,75.5
CELL_00933,18.5,75.75
CELL_00934,18.5,76.0
CELL_00935,18.5,76.25
CELL_00936,18.5,76.5
CELL_00937,18.5,76.75
CELL_00938,18.5,77.0
CELL_00939,18.5,77.25
CELL_00940,18.5,77.5
CELL_00941,18.5,77.75
CELL_00942,18.5,78.0
CELL_00943,18.5,78.25
CELL_00944,18.5,78.5
CELL_00945,18.5,78.75
CELL_00946,18.5,79.0
CELL_00947,18.5,79.25
CELL_00948,18.5,79.5
CELL_00949,18.5,79.75
CELL_00950,18.5,80.0
CELL_00951,18.5,80.25
CELL_00952,18.5,80.5
CELL_00953,18.5,80.75
CELL_00954,18.5,81.0
CELL_00955,18.5,81.25
CELL_00956,18.5,81.5
CELL_00957,18.5,81.75
CELL_00958,18.5,82.0
CELL_00959,18.5,82.25
CELL_00960,18.5,82.5
CELL_00961,18.5,82.75
CELL_00962,18.5,83.0
CELL_00963,18.5,83.25
CELL_00964,18.5,83.5
CELL_00965,18.5,83.75
CELL_00966,18.5,84.0
CELL_00967,18.5,84.25
CELL_00968,18.75,73.0
CELL_00969,18.75,73.25
CELL_00970,18.75,73.5
CELL_00971,18.75,73.75
CELL_00972,18.75,74.0
CELL_00973,18.75,74.25
CELL_00974,18.75,74.5
CELL_00975,18.75,74.75
CELL_00976,18.75,75.0
CELL_00977,18.75,75.25
CELL_00978,18.75,75.5
CELL_00979,18.75,75.75
CELL_00980,18.75,76.0
CELL_00981,18.75,76.25
CELL_00982,18.75,76.5
CELL_00983,18.75,76.75
CELL_00984,18.75,77.0
CELL_00985,18.75,77.25
CELL_00986,18.75,77.5
CELL_00987,18.75,77.75
CELL_00988,18.75,78.0
CELL_00989,18.75,78.25
CELL_00990,18.75,78.5
CELL_00991,18.75,78.75
CELL_00992,18.75,79.0
CELL_00993,18.75,79.25
CELL_00994,18.75,79.5
CELL_00995,18.75,79.75
CELL_00996,18.75,80.0
CELL_00997,18.75,80.25
CELL_00998,18.75,80.5
CELL_00999,18.75,80.75
CELL_01000,18.75,81.0
CELL_01001,18.75,81.25
CELL_01002,18.75,81.5
CELL_01003,18.75,81.75
CELL_01004,18.75,82.0
CELL_01005,18.75,82.25
CELL_01006,18.75,82.5
CELL_01007,18.75,82.75
CELL_01008,18.75,83.0
CELL_01009,18.75,83.25
CELL_01010,18.75,83.5
CELL_01011,18.75,83.75
CELL_01012,18.75,84.0
CELL_01013,18.75,84.25
CELL_01014,18.75,84.5
CELL_01015,19.0,73.0
CELL_01016,19.0,73.25
CELL_01017,19.0,73.5
CELL_01018,19.0,73.75
CELL_01019,19.0,74.0
CELL_01020,19.0,74.25
CELL_01021,19.0,74.5
CELL_01022,19.0,74.75
CELL_01023,19.0,75.0
CELL_01024,19.0,75.25
CELL_01025,19.0,75.5
CELL_01026,19.0,75.75
CELL_01027,19.0,76.0
CELL_01028,19.0,76.25
CELL_01029,19.0,76.5
CELL_01030,19.0,76.75
CELL_01031,19.0,77.0
CELL_01032,19.0,77.25
CELL_01033,19.0,77.5
CELL_01034,19.0,77.75
CELL_01035,19.0,78.0
CELL_01036,19.0,78.25
CELL_01037,19.0,78.5
CELL_01038,19.0,78.75
CELL_01039,19.0,79.0
CELL_01040,19.0,79.25
CELL_01041,19.0,79.5
CELL_01042,19.0,79.75
CELL_01043,19.0,80.0
CELL_01044,19.0,80.25
CELL_01045,19.0,80.5
CELL_01046,19.0,80.75
CELL_01047,19.0,81.0
CELL_01048,19.0,81.25
CELL_01049,19.0,81.5
CELL_01050,19.0,81.75
CELL_01051,19.0,82.0
CELL_01052,19.0,82.25
CELL_01053,19.0,82.5
CELL_01054,19.0,82.75
CELL_01055,19.0,83.0
CELL_01056,19.0,83.25
CELL_01057,19.0,83.5
CELL_01058,19.0,83.75
CELL_01059,19.0,84.0
CELL_01060,19.0,84.25
CELL_01061,19.0,84.5
CELL_01062,19.25,73.0
CELL_01063,19.25,73.25
CELL_01064,19.25,73.5
CELL_01065,19.25,73.75
CELL_01066,19.25,74.0
CELL_01067,19.25,74.25
CELL_01068,19.25,74.5
CELL_01069,19.25,74.75
CELL_01070,19.25,75.0
CELL_01071,19.25,75.25
CELL_01072,19.25,75.5
CELL_01073,19.25,75.75
CELL_01074,19.25,76.0
CELL_01075,19.25,76.25
CELL_01076,19.25,76.5
CELL_01077,19.25,76.75
CELL_01078,19.25,77.0
CELL_01079,19.25,77.25
CELL_01080,19.25,77.5
CELL_01081,19.25,77.75
CELL_01082,19.25,78.0
CELL_01083,19.25,78.25
CELL_01084,19.25,78.5
CELL_01085,19.25,78.75
CELL_01086,19.25,79.0
CELL_01087,19.25,79.25
CELL_01088,19.25,79.5
CELL_01089,19.25,79.75
CELL_01090,19.25,80.0
CELL_01091,19.25,80.25
CELL_01092,19.25,80.5
CELL_01093,19.25,80.75
CELL_01094,19.25,81.0
CELL_01095,19.25,81.25
CELL_01096,19.25,81.5
CELL_01097,19.25,81.75
CELL_01098,19.25,82.0
CELL_01099,19.25,82.25
CELL_01100,19.25,82.5
CELL_01101,19.25,82.75
CELL_01102,19.25,83.0
CELL_01103,19.25,83.25
CELL_01104,19.25,83.5
CELL_01105,19.25,83.75
CELL_01106,19.25,84.0
CELL_01107,19.25,84.25
CELL_01108,19.25,84.5
CELL_01109,19.25,84.75
CELL_01110,19.5,72.75
CELL_01111,19.5,73.0
CELL_01112,19.5,73.25
CELL_01113,19.5,73.5
CELL_01114,19.5,73.75
CELL_01115,19.5,74.0
CELL_01116,19.5,74.25
CELL_01117,19.5,74.5
CELL_01118,19.5,74.75
CELL_01119,19.5,75.0
CELL_01120,19.5,75.25
CELL_01121,19.5,75.5
CELL_01122,19.5,75.75
CELL_01123,19.5,76.0
CELL_01124,19.5,76.25
CELL_01125,19.5,76.5
CELL_01126,19.5,76.75
CELL_01127,19.5,77.0
CELL_01128,19.5,77.25
CELL_01129,19.5,77.5
CELL_01130,19.5,77.75
CELL_01131,19.5,78.0
CELL_01132,19.5,78.25
CELL_01133,19.5,78.5
CELL_01134,19.5,78.75
CELL_01135,19.5,79.0
CELL_01136,19.5,79.25
CELL_01137,19.5,79.5
CELL_01138,19.5,79.75
CELL_01139,19.5,80.0
CELL_01140,19.5,80.25
CELL_01141,19.5,80.5
CELL_01142,19.5,80.75
CELL_01143,19.5,81.0
CELL_01144,19.5,81.25
CELL_01145,19.5,81.5
CELL_01146,19.5,81.75
CELL_01147,19.5,82.0
CELL_01148,19.5,82.25
CELL_01149,19.5,82.5
CELL_01150,19.5,82.75
CELL_01151,19.5,83.0
CELL_01152,19.5,83.25
CELL_01153,19.5,83.5
CELL_01154,19.5,83.75
CELL_01155,19.5,84.0
CELL_01156,19.5,84.25
CELL_01157,19.5,84.5
CELL_01158,19.5,84.75
CELL_01159,19.5,85.0
CELL_01160,19.75,72.75
CELL_01161,19.75,73.0
CELL_01162,19.75,73.25
CELL_01163,19.75,73.5
CELL_01164,19.75,73.75
CELL_01165,19.75,74.0
CELL_01166,19.75,74.25
CELL_01167,19.75,74.5
CELL_01168,19.75,74.75
CELL_01169,19.75,75.0
CELL_01170,19.75,75.25
CELL_01171,19.75,75.5
CELL_01172,19.75,75.75
CELL_01173,19.75,76.0
CELL_01174,19.75,76.25
CELL_01175,19.75,76.5
CELL_01176,19.75,76.75
CELL_01177,19.75,77.0
CELL_01178,19.75,77.25
CELL_01179,19.75,77.5
CELL_01180,19.75,77.75
CELL_01181,19.75,78.0
CELL_01182,19.75,78.25
CELL_01183,19.75,78.5
CELL_01184,19.75,78.75
CELL_01185,19.75,79.0
CELL_01186,19.75,79.25
CELL_01187,19.75,79.5
CELL_01188,19.75,79.75
CELL_01189,19.75,80.0
CELL_01190,19.75,80.25
CELL_01191,19.75,80.5
CELL_01192,19.75,80.75
CELL_01193,19.75,81.0
CELL_01194,19.75,81.25
CELL_01195,19.75,81.5
CELL_01196,19.75,81.75
CELL_01197,19.75,82.0
CELL_01198,19.75,82.25
CELL_01199,19.75,82.5
CELL_01200,19.75,82.75
CELL_01201,19.75,83.0
CELL_01202,19.75,83.25
CELL_01203,19.75,83.5
CELL_01204,19.75,83.75
CELL_01205,19.75,84.0
CELL_01206,19.75,84.25
CELL_01207,19.75,84.5
CELL_01208,19.75,84.75
CELL_01209,19.75,85.0
CELL_01210,19.75,85.25
CELL_01211,19.75,85.5
CELL_01212,20.0,72.75
CELL_01213,20.0,73.0
CELL_01214,20.0,73.25
CELL_01215,20.0,73.5
CELL_01216,20.0,73.75
CELL_01217,20.0,74.0
CELL_01218,20.0,74.25
CELL_01219,20.0,74.5
CELL_01220,20.0,74.75
CELL_01221,20.0,75.0
CELL_01222,20.0,75.25
CELL_01223,20.0,75.5
CELL_01224,20.0,75.75
CELL_01225,20.0,76.0
CELL_01226,20.0,76.25
CELL_01227,20.0,76.5
CELL_01228,20.0,76.75
CELL_01229,20.0,77.0
CELL_01230,20.0,77.25
CELL_01231,20.0,77.5
CELL_01232,20.0,77.75
CELL_01233,20.0,78.0
CELL_01234,20.0,78.25
CELL_01235,20.0,78.5
CELL_01236,20.0,78.75
CELL_01237,20.0,79.0
CELL_01238,20.0,79.25
CELL_01239,20.0,79.5
CELL_01240,20.0,79.75
CELL_01241,20.0,80.0
CELL_01242,20.0,80.25
CELL_01243,20.0,80.5
CELL_01244,20.0,80.75
CELL_01245,20.0,81.0
CELL_01246,20.0,81.25
CELL_01247,20.0,81.5
CELL_01248,20.0,81.75
CELL_01249,20.0,82.0
CELL_01250,20.0,82.25
CELL_01251,20.0,82.5
CELL_01252,20.0,82.75
CELL_01253,20.0,83.0
CELL_01254,20.0,83.25
CELL_01255,20.0,83.5
CELL_01256,20.0,83.75
CELL_01257,20.0,84.0
CELL_01258,20.0,84.25
CELL_01259,20.0,84.5
CELL_01260,20.0,84.75
CELL_01261,20.0,85.0
CELL_01262,20.0,85.25
CELL_01263,20.0,85.5
CELL_01264,20.0,85.75
CELL_01265,20.0,86.0
CELL_01266,20.0,86.25
CELL_01267,20.25,72.75
CELL_01268,20.25,73.0
CELL_01269,20.25,73.25
CELL_01270,20.25,73.5
CELL_01271,20.25,73.75
CELL_01272,20.25,74.0
CELL_01273,20.25,74.25
CELL_01274,20.25,74.5
CELL_01275,20.25,74.75
CELL_01276,20.25,75.0
CELL_01277,20.25,75.25
CELL_01278,20.25,75.5
CELL_01279,20.25,75.75
CELL_01280,20.25,76.0
CELL_01281,20.25,76.25
CELL_01282,20.25,76.5
CELL_01283,20.25,76.75
CELL_01284,20.25,77.0
CELL_01285,20.25,77.25
CELL_01286,20.25,77.5
CELL_01287,20.25,77.75
CELL_01288,20.25,78.0
CELL_01289,20.25,78.25
CELL_01290,20.25,78.5
CELL_01291,20.25,78.75
CELL_01292,20.25,79.0
CELL_01293,20.25,79.25
CELL_01294,20.25,79.5
CELL_01295,20.25,79.75
CELL_01296,20.25,80.0
CELL_01297,20.25,80.25
CELL_01298,20.25,80.5
CELL_01299,20.25,80.75
CELL_01300,20.25,81.0
CELL_01301,20.25,81.25
CELL_01302,20.25,81.5
CELL_01303,20.25,81.75
CELL_01304,20.25,82.0
CELL_01305,20.25,82.25
CELL_01306,20.25,82.5
CELL_01307,20.25,82.75
CELL_01308,20.25,83.0
CELL_01309,20.25,83.25
CELL_01310,20.25,83.5
CELL_01311,20.25,83.75
CELL_01312,20.25,84.0
CELL_01313,20.25,84.25
CELL_01314,20.25,84.5
CELL_01315,20.25,84.75
CELL_01316,20.25,85.0
CELL_01317,20.25,85.25
CELL_01318,20.25,85.5
CELL_01319,20.25,85.75
CELL_01320,20.25,86.0
CELL_01321,20.25,86.25
CELL_01322,20.25,86.5
CELL_01323,20.5,73.0
CELL_01324,20.5,73.25
CELL_01325,20.5,73.5
CELL_01326,20.5,73.75
CELL_01327,20.5,74.0
CELL_01328,20.5,74.25
CELL_01329,20.5,74.5
CELL_01330,20.5,74.75
CELL_01331,20.5,75.0
CELL_01332,20.5,75.25
CELL_01333,20.5,75.5
CELL_01334,20.5,75.75
CELL_01335,20.5,76.0
CELL_01336,20.5,76.25
CELL_01337,20.5,76.5
CELL_01338,20.5,76.75
CELL_01339,20.5,77.0
CELL_01340,20.5,77.25
CELL_01341,20.5,77.5
CELL_01342,20.5,77.75
CELL_01343,20.5,78.0
CELL_01344,20.5,78.25
CELL_01345,20.5,78.5
CELL_01346,20.5,78.75
CELL_01347,20.5,79.0
CELL_01348,20.5,79.25
CELL_01349,20.5,79.5
CELL_01350,20.5,79.75
CELL_01351,20.5,80.0
CELL_01352,20.5,80.25
CELL_01353,20.5,80.5
CELL_01354,20.5,80.75
CELL_01355,20.5,81.0
CELL_01356,20.5,81.25
CELL_01357,20.5,81.5
CELL_01358,20.5,81.75
CELL_01359,20.5,82.0
CELL_01360,20.5,82.25
CELL_01361,20.5,82.5
CELL_01362,20.5,82.75
CELL_01363,20.5,83.0
CELL_01364,20.5,83.25
CELL_01365,20.5,83.5
CELL_01366,20.5,83.75
CELL_01367,20.5,84.0
CELL_01368,20.5,84.25
CELL_01369,20.5,84.5
CELL_01370,20.5,84.75
CELL_01371,20.5,85.0
CELL_01372,20.5,85.25
CELL_01373,20.5,85.5
CELL_01374,20.5,85.75
CELL_01375,20.5,86.0
CELL_01376,20.5,86.25
CELL_01377,20.5,86.5
CELL_01378,20.5,86.75
CELL_01379,20.75,70.75
CELL_01380,20.75,71.0
CELL_01381,20.75,73.0
CELL_01382,20.75,73.25
CELL_01383,20.75,73.5
CELL_01384,20.75,73.75
CELL_01385,20.75,74.0
CELL_01386,20.75,74.25
CELL_01387,20.75,74.5
CELL_01388,20.75,74.75
CELL_01389,20.75,75.0
CELL_01390,20.75,75.25
CELL_01391,20.75,75.5
CELL_01392,20.75,75.75
CELL_01393,20.75,76.0
CELL_01394,20.75,76.25
CELL_01395,20.75,76.5
CELL_01396,20.75,76.75
CELL_01397,20.75,77.0
CELL_01398,20.75,77.25
CELL_01399,20.75,77.5
CELL_01400,20.75,77.75
CELL_01401,20.75,78.0
CELL_01402,20.75,78.25
CELL_01403,20.75,78.5
CELL_01404,20.75,78.75
CELL_01405,20.75,79.0
CELL_01406,20.75,79.25
CELL_01407,20.75,79.5
CELL_01408,20.75,79.75
CELL_01409,20.75,80.0
CELL_01410,20.75,80.25
CELL_01411,20.75,80.5
CELL_01412,20.75,80.75
CELL_01413,20.75,81.0
CELL_01414,20.75,81.25
CELL_01415,20.75,81.5
CELL_01416,20.75,81.75
CELL_01417,20.75,82.0
CELL_01418,20.75,82.25
CELL_01419,20.75,82.5
CELL_01420,20.75,82.75
CELL_01421,20.75,83.0
CELL_01422,20.75,83.25
CELL_01423,20.75,83.5
CELL_01424,20.75,83.75
CELL_01425,20.75,84.0
CELL_01426,20.75,84.25
CELL_01427,20.75,84.5
CELL_01428,20.75,84.75
CELL_01429,20.75,85.0
CELL_01430,20.75,85.25
CELL_01431,20.75,85.5
CELL_01432,20.75,85.75
CELL_01433,20.75,86.0
CELL_01434,20.75,86.25
CELL_01435,20.75,86.5
CELL_01436,20.75,86.75
CELL_01437,20.75,87.0
CELL_01438,21.0,70.25
CELL_01439,21.0,70.5
CELL_01440,21.0,70.75
CELL_01441,21.0,71.0
CELL_01442,21.0,71.25
CELL_01443,21.0,71.5
CELL_01444,21.0,72.75
CELL_01445,21.0,73.0
CELL_01446,21.0,73.25
CELL_01447,21.0,73.5
CELL_01448,21.0,73.75
CELL_01449,21.0,74.0
CELL_01450,21.0,74.25
CELL_01451,21.0,74.5
CELL_01452,21.0,74.75
CELL_01453,21.0,75.0
CELL_01454,21.0,75.25
CELL_01455,21.0,75.5
CELL_01456,21.0,75.75
CELL_01457,21.0,76.0
CELL_01458,21.0,76.25
CELL_01459,21.0,76.5
CELL_01460,21.0,76.75
CELL_01461,21.0,77.0
CELL_01462,21.0,77.25
CELL_01463,21.0,77.5
CELL_01464,21.0,77.75
CELL_01465,21.0,78.0
CELL_01466,21.0,78.25
CELL_01467,21.0,78.5
CELL_01468,21.0,78.75
CELL_01469,21.0,79.0
CELL_01470,21.0,79.25
CELL_01471,21.0,79.5
CELL_01472,21.0,79.75
CELL_01473,21.0,80.0
CELL_01474,21.0,80.25
CELL_01475,21.0,80.5
CELL_01476,21.0,80.75
CELL_01477,21.0,81.0
CELL_01478,21.0,81.25
CELL_01479,21.0,81.5
CELL_01480,21.0,81.75
CELL_01481,21.0,82.0
CELL_01482,21.0,82.25
CELL_01483,21.0,82.5
CELL_01484,21.0,82.75
CELL_01485,21.0,83.0
CELL_01486,21.0,83.25
CELL_01487,21.0,83.5
CELL_01488,21.0,83.75
CELL_01489,21.0,84.0
CELL_01490,21.0,84.25
CELL_01491,21.0,84.5
CELL_01492,21.0,84.75
CELL_01493,21.0,85.0
CELL_01494,21.0,85.25
CELL_01495,21.0,85.5
CELL_01496,21.0,85.75
CELL_01497,21.0,86.0
CELL_01498,21.0,86.25
CELL_01499,21.0,86.5
CELL_01500,21.0,86.75
CELL_01501,21.25,70.0
CELL_01502,21.25,70.25
CELL_01503,21.25,70.5
CELL_01504,21.25,70.75
CELL_01505,21.25,71.0
CELL_01506,21.25,71.25
CELL_01507,21.25,71.5
CELL_01508,21.25,71.75
CELL_01509,21.25,72.0
CELL_01510,21.25,72.75
CELL_01511,21.25,73.0
CELL_01512,21.25,73.25
CELL_01513,21.25,73.5
CELL_01514,21.25,73.75
CELL_01515,21.25,74.0
CELL_01516,21.25,74.25
CELL_01517,21.25,74.5
CELL_01518,21.25,74.75
CELL_01519,21.25,75.0
CELL_01520,21.25,75.25
CELL_01521,21.25,75.5
CELL_01522,21.25,75.75
CELL_01523,21.25,76.0
CELL_01524,21.25,76.25
CELL_01525,21.25,76.5
CELL_01526,21.25,76.75
CELL_01527,21.25,77.0
CELL_01528,21.25,77.25
CELL_01529,21.25,77.5
CELL_01530,21.25,77.75
CELL_01531,21.25,78.0
CELL_01532,21.25,78.25
CELL_01533,21.25,78.5
CELL_01534,21.25,78.75
CELL_01535,21.25,79.0
CELL_01536,21.25,79.25
CELL_01537,21.25,79.5
CELL_01538,21.25,79.75
CELL_01539,21.25,80.0
CELL_01540,21.25,80.25
CELL_01541,21.25,80.5
CELL_01542,21.25,80.75
CELL_01543,21.25,81.0
CELL_01544,21.25,81.25
CELL_01545,21.25,81.5
CELL_01546,21.25,81.75
CELL_01547,21.25,82.0
CELL_01548,21.25,82.25
CELL_01549,21.25,82.5
CELL_01550,21.25,82.75
CELL_01551,21.25,83.0
CELL_01552,21.25,83.25
CELL_01553,21.25,83.5
CELL_01554,21.25,83.75
CELL_01555,21.25,84.0
CELL_01556,21.25,84.25
CELL_01557,21.25,84.5
CELL_01558,21.25,84.75
CELL_01559,21.25,85.0
CELL_01560,21.25,85.25
CELL_01561,21.25,85.5
CELL_01562,21.25,85.75
CELL_01563,21.25,86.0
CELL_01564,21.25,86.25
CELL_01565,21.25,86.5
CELL_01566,21.25,86.75
CELL_01567,21.5,69.75
CELL_01568,21.5,70.0
CELL_01569,21.5,70.25
CELL_01570,21.5,70.5
CELL_01571,21.5,70.75
CELL_01572,21.5,71.0
CELL_01573,21.5,71.25
CELL_01574,21.5,71.5
CELL_01575,21.5,71.75
CELL_01576,21.5,72.0
CELL_01577,21.5,72.25
CELL_01578,21.5,72.75
CELL_01579,21.5,73.0
CELL_01580,21.5,73.25
CELL_01581,21.5,73.5
CELL_01582,21.5,73.75
CELL_01583,21.5,74.0
CELL_01584,21.5,74.25
CELL_01585,21.5,74.5
CELL_01586,21.5,74.75
CELL_01587,21.5,75.0
CELL_01588,21.5,75.25
CELL_01589,21.5,75.5
CELL_01590,21.5,75.75
CELL_01591,21.5,76.0
CELL_01592,21.5,76.25
CELL_01593,21.5,76.5
CELL_01594,21.5,76.75
CELL_01595,21.5,77.0
CELL_01596,21.5,77.25
CELL_01597,21.5,77.5
CELL_01598,21.5,77.75
CELL_01599,21.5,78.0
CELL_01600,21.5,78.25
CELL_01601,21.5,78.5
CELL_01602,21.5,78.75
CELL_01603,21.5,79.0
CELL_01604,21.5,79.25
CELL_01605,21.5,79.5
CELL_01606,21.5,79.75
CELL_01607,21.5,80.0
CELL_01608,21.5,80.25
CELL_01609,21.5,80.5
CELL_01610,21.5,80.75
CELL_01611,21.5,81.0
CELL_01612,21.5,81.25
CELL_01613,21.5,81.5
CELL_01614,21.5,81.75
CELL_01615,21.5,82.0
CELL_01616,21.5,82.25
CELL_01617,21.5,82.5
CELL_01618,21.5,82.75
CELL_01619,21.5,83.0
CELL_01620,21.5,83.25
CELL_01621,21.5,83.5
CELL_01622,21.5,83.75
CELL_01623,21.5,84.0
CELL_01624,21.5,84.25
CELL_01625,21.5,84.5
CELL_01626,21.5,84.75
CELL_01627,21.5,85.0
CELL_01628,21.5,85.25
CELL_01629,21.5,85.5
CELL_01630,21.5,85.75
CELL_01631,21.5,86.0
CELL_01632,21.5,86.25
CELL_01633,21.5,86.5
CELL_01634,21.5,86.75
CELL_01635,21.5,87.0
CELL_01636,21.75,69.5
CELL_01637,21.75,69.75
CELL_01638,21.75,70.0
CELL_01639,21.75,70.25
CELL_01640,21.75,70.5
CELL_01641,21.75,70.75
CELL_01642,21.75,71.0
CELL_01643,21.75,71.25
CELL_01644,21.75,71.5
CELL_01645,21.75,71.75
CELL_01646,21.75,72.0
CELL_01647,21.75,72.75
CELL_01648,21.75,73.0
CELL_01649,21.75,73.25
CELL_01650,21.75,73.5
CELL_01651,21.75,73.75
CELL_01652,21.75,74.0
CELL_01653,21.75,74.25
CELL_01654,21.75,74.5
CELL_01655,21.75,74.75
CELL_01656,21.75,75.0
CELL_01657,21.75,75.25
CELL_01658,21.75,75.5
CELL_01659,21.75,75.75
CELL_01660,21.75,76.0
CELL_01661,21.75,76.25
CELL_01662,21.75,76.5
CELL_01663,21.75,76.75
CELL_01664,21.75,77.0
CELL_01665,21.75,77.25
CELL_01666,21.75,77.5
CELL_01667,21.75,77.75
CELL_01668,21.75,78.0
CELL_01669,21.75,78.25
CELL_01670,21.75,78.5
CELL_01671,21.75,78.75
CELL_01672,21.75,79.0
CELL_01673,21.75,79.25
CELL_01674,21.75,79.5
CELL_01675,21.75,79.75
CELL_01676,21.75,80.0
CELL_01677,21.75,80.25
CELL_01678,21.75,80.5
CELL_01679,21.75,80.75
CELL_01680,21.75,81.0
CELL_01681,21.75,81.25
CELL_01682,21.75,81.5
CELL_01683,21.75,81.75
CELL_01684,21.75,82.0
CELL_01685,21.75,82.25
CELL_01686,21.75,82.5
CELL_01687,21.75,82.75
CELL_01688,21.75,83.0
CELL_01689,21.75,83.25
CELL_01690,21.75,83.5
CELL_01691,21.75,83.75
CELL_01692,21.75,84.0
CELL_01693,21.75,84.25
CELL_01694,21.75,84.5
CELL_01695,21.75,84.75
CELL_01696,21.75,85.0
CELL_01697,21.75,85.25
CELL_01698,21.75,85.5
CELL_01699,21.75,85.75
CELL_01700,21.75,86.0
CELL_01701,21.75,86.25
CELL_01702,21.75,86.5
CELL_01703,21.75,86.75
CELL_01704,21.75,87.0
CELL_01705,21.75,87.25
CELL_01706,21.75,87.5
CELL_01707,21.75,87.75
CELL_01708,21.75,88.25
CELL_01709,21.75,88.75
CELL_01710,21.75,89.0
CELL_01711,22.0,69.25
CELL_01712,22.0,69.5
CELL_01713,22.0,69.75
CELL_01714,22.0,70.0
CELL_01715,22.0,70.25
CELL_01716,22.0,70.5
CELL_01717,22.0,70.75
CELL_01718,22.0,71.0
CELL_01719,22.0,71.25
CELL_01720,22.0,71.5
CELL_01721,22.0,71.75
CELL_01722,22.0,72.0
CELL_01723,22.0,72.75
CELL_01724,22.0,73.0
CELL_01725,22.0,73.25
CELL_01726,22.0,73.5
CELL_01727,22.0,73.75
CELL_01728,22.0,74.0
CELL_01729,22.0,74.25
CELL_01730,22.0,74.5
CELL_01731,22.0,74.75
CELL_01732,22.0,75.0
CELL_01733,22.0,75.25
CELL_01734,22.0,75.5
CELL_01735,22.0,75.75
CELL_01736,22.0,76.0
CELL_01737,22.0,76.25
CELL_01738,22.0,76.5
CELL_01739,22.0,76.75
CELL_01740,22.0,77.0
CELL_01741,22.0,77.25
CELL_01742,22.0,77.5
CELL_01743,22.0,77.75
CELL_01744,22.0,78.0
CELL_01745,22.0,78.25
CELL_01746,22.0,78.5
CELL_01747,22.0,78.75
CELL_01748,22.0,79.0
CELL_01749,22.0,79.25
CELL_01750,22.0,79.5
CELL_01751,22.0,79.75
CELL_01752,22.0,80.0
CELL_01753,22.0,80.25
CELL_01754,22.0,80.5
CELL_01755,22.0,80.75
CELL_01756,22.0,81.0
CELL_01757,22.0,81.25
CELL_01758,22.0,81.5
CELL_01759,22.0,81.75
CELL_01760,22.0,82.0
CELL_01761,22.0,82.25
CELL_01762,22.0,82.5
CELL_01763,22.0,82.75
CELL_01764,22.0,83.0
CELL_01765,22.0,83.25
CELL_01766,22.0,83.5
CELL_01767,22.0,83.75
CELL_01768,22.0,84.0
CELL_01769,22.0,84.25
CELL_01770,22.0,84.5
CELL_01771,22.0,84.75
CELL_01772,22.0,85.0
CELL_01773,22.0,85.25
CELL_01774,22.0,85.5
CELL_01775,22.0,85.75
CELL_01776,22.0,86.0
CELL_01777,22.0,86.25
CELL_01778,22.0,86.5
CELL_01779,22.0,86.75
CELL_01780,22.0,87.0
CELL_01781,22.0,87.25
CELL_01782,22.0,87.5
CELL_01783,22.0,87.75
CELL_01784,22.0,88.0
CELL_01785,22.0,88.25
CELL_01786,22.0,88.5
CELL_01787,22.0,89.0
CELL_01788,22.0,93.0
CELL_01789,22.25,69.0
CELL_01790,22.25,69.25
CELL_01791,22.25,69.5
CELL_01792,22.25,69.75
CELL_01793,22.25,70.0
CELL_01794,22.25,70.25
CELL_01795,22.25,70.5
CELL_01796,22.25,70.75
CELL_01797,22.25,71.0
CELL_01798,22.25,71.25
CELL_01799,22.25,71.5
CELL_01800,22.25,71.75
CELL_01801,22.25,72.0
CELL_01802,22.25,72.25
CELL_01803,22.25,72.5
CELL_01804,22.25,72.75
CELL_01805,22.25,73.0
CELL_01806,22.25,73.25
CELL_01807,22.25,73.5
CELL_01808,22.25,73.75
CELL_01809,22.25,74.0
CELL_01810,22.25,74.25
CELL_01811,22.25,74.5
CELL_01812,22.25,74.75
CELL_01813,22.25,75.0
CELL_01814,22.25,75.25
CELL_01815,22.25,75.5
CELL_01816,22.25,75.75
CELL_01817,22.25,76.0
CELL_01818,22.25,76.25
CELL_01819,22.25,76.5
CELL_01820,22.25,76.75
CELL_01821,22.25,77.0
CELL_01822,22.25,77.25
CELL_01823,22.25,77.5
CELL_01824,22.25,77.75
CELL_01825,22.25,78.0
CELL_01826,22.25,78.25
CELL_01827,22.25,78.5
CELL_01828,22.25,78.75
CELL_01829,22.25,79.0
CELL_01830,22.25,79.25
CELL_01831,22.25,79.5
CELL_01832,22.25,79.75
CELL_01833,22.25,80.0
CELL_01834,22.25,80.25
CELL_01835,22.25,80.5
CELL_01836,22.25,80.75
CELL_01837,22.25,81.0
CELL_01838,22.25,81.25
CELL_01839,22.25,81.5
CELL_01840,22.25,81.75
CELL_01841,22.25,82.0
CELL_01842,22.25,82.25
CELL_01843,22.25,82.5
CELL_01844,22.25,82.75
CELL_01845,22.25,83.0
CELL_01846,22.25,83.25
CELL_01847,22.25,83.5
CELL_01848,22.25,83.75
CELL_01849,22.25,84.0
CELL_01850,22.25,84.25
CELL_01851,22.25,84.5
CELL_01852,22.25,84.75
CELL_01853,22.25,85.0
CELL_01854,22.25,85.25
CELL_01855,22.25,85.5
CELL_01856,22.25,85.75
CELL_01857,22.25,86.0
CELL_01858,22.25,86.25
CELL_01859,22.25,86.5
CELL_01860,22.25,86.75
CELL_01861,22.25,87.0
CELL_01862,22.25,87.25
CELL_01863,22.25,87.5
CELL_01864,22.25,87.75
CELL_01865,22.25,88.0
CELL_01866,22.25,88.25
CELL_01867,22.25,88.5
CELL_01868,22.25,88.75
CELL_01869,22.25,89.0
CELL_01870,22.25,92.75
CELL_01871,22.25,93.0
CELL_01872,22.5,70.0
CELL_01873,22.5,70.25
CELL_01874,22.5,70.5
CELL_01875,22.5,70.75
CELL_01876,22.5,71.0
CELL_01877,22.5,71.25
CELL_01878,22.5,71.5
CELL_01879,22.5,71.75
CELL_01880,22.5,72.0
CELL_01881,22.5,72.25
CELL_01882,22.5,72.5
CELL_01883,22.5,72.75
CELL_01884,22.5,73.0
CELL_01885,22.5,73.25
CELL_01886,22.5,73.5
CELL_01887,22.5,73.75
CELL_01888,22.5,74.0
CELL_01889,22.5,74.25
CELL_01890,22.5,74.5
CELL_01891,22.5,74.75
CELL_01892,22.5,75.0
CELL_01893,22.5,75.25
CELL_01894,22.5,75.5
CELL_01895,22.5,75.75
CELL_01896,22.5,76.0
CELL_01897,22.5,76.25
CELL_01898,22.5,76.5
CELL_01899,22.5,76.75
CELL_01900,22.5,77.0
CELL_01901,22.5,77.25
CELL_01902,22.5,77.5
CELL_01903,22.5,77.75
CELL_01904,22.5,78.0
CELL_01905,22.5,78.25
CELL_01906,22.5,78.5
CELL_01907,22.5,78.75
CELL_01908,22.5,79.0
CELL_01909,22.5,79.25
CELL_01910,22.5,79.5
CELL_01911,22.5,79.75
CELL_01912,22.5,80.0
CELL_01913,22.5,80.25
CELL_01914,22.5,80.5
CELL_01915,22.5,80.75
CELL_01916,22.5,81.0
CELL_01917,22.5,81.25
CELL_01918,22.5,81.5
CELL_01919,22.5,81.75
CELL_01920,22.5,82.0
CELL_01921,22.5,82.25
CELL_01922,22.5,82.5
CELL_01923,22.5,82.75
CELL_01924,22.5,83.0
CELL_01925,22.5,83.25
CELL_01926,22.5,83.5
CELL_01927,22.5,83.75
CELL_01928,22.5,84.0
CELL_01929,22.5,84.25
CELL_01930,22.5,84.5
CELL_01931,22.5,84.75
CELL_01932,22.5,85.0
CELL_01933,22.5,85.25
CELL_01934,22.5,85.5
CELL_01935,22.5,85.75
CELL_01936,22.5,86.0
CELL_01937,22.5,86.25
CELL_01938,22.5,86.5
CELL_01939,22.5,86.75
CELL_01940,22.5,87.0
CELL_01941,22.5,87.25
CELL_01942,22.5,87.5
CELL_01943,22.5,87.75
CELL_01944,22.5,88.0
CELL_01945,22.5,88.25
CELL_01946,22.5,88.5
CELL_01947,22.5,88.75
CELL_01948,22.5,92.75
CELL_01949,22.5,93.0
CELL_01950,22.75,70.5
CELL_01951,22.75,70.75
CELL_01952,22.75,71.0
CELL_01953,22.75,71.25
CELL_01954,22.75,71.5
CELL_01955,22.75,71.75
CELL_01956,22.75,72.0
CELL_01957,22.75,72.25
CELL_01958,22.75,72.5
CELL_01959,22.75,72.75
CELL_01960,22.75,73.0
CELL_01961,22.75,73.25
CELL_01962,22.75,73.5
CELL_01963,22.75,73.75
CELL_01964,22.75,74.0
CELL_01965,22.75,74.25
CELL_01966,22.75,74.5
CELL_01967,22.75,74.75
CELL_01968,22.75,75.0
CELL_01969,22.75,75.25
CELL_01970,22.75,75.5
CELL_01971,22.75,75.75
CELL_01972,22.75,76.0
CELL_01973,22.75,76.25
CELL_01974,22.75,76.5
CELL_01975,22.75,76.75
CELL_01976,22.75,77.0
CELL_01977,22.75,77.25
CELL_01978,22.75,77.5
CELL_01979,22.75,77.75
CELL_01980,22.75,78.0
CELL_01981,22.75,78.25
CELL_01982,22.75,78.5
CELL_01983,22.75,78.75
CELL_01984,22.75,79.0
CELL_01985,22.75,79.25
CELL_01986,22.75,79.5
CELL_01987,22.75,79.75
CELL_01988,22.75,80.0
CELL_01989,22.75,80.25
CELL_01990,22.75,80.5
CELL_01991,22.75,80.75
CELL_01992,22.75,81.0
CELL_01993,22.75,81.25
CELL_01994,22.75,81.5
CELL_01995,22.75,81.75
CELL_01996,22.75,82.0
CELL_01997,22.75,82.25
CELL_01998,22.75,82.5
CELL_01999,22.75,82.75
CELL_02000,22.75,83.0
CELL_02001,22.75,83.25
CELL_02002,22.75,83.5
CELL_02003,22.75,83.75
CELL_02004,22.75,84.0
CELL_02005,22.75,84.25
CELL_02006,22.75,84.5
CELL_02007,22.75,84.75
CELL_02008,22.75,85.0
CELL_02009,22.75,85.25
CELL_02010,22.75,85.5
CELL_02011,22.75,85.75
CELL_02012,22.75,86.0
CELL_02013,22.75,86.25
CELL_02014,22.75,86.5
CELL_02015,22.75,86.75
CELL_02016,22.75,87.0
CELL_02017,22.75,87.25
CELL_02018,22.75,87.5
CELL_02019,22.75,87.75
CELL_02020,22.75,88.0
CELL_02021,22.75,88.25
CELL_02022,22.75,88.5
CELL_02023,22.75,88.75
CELL_02024,22.75,92.5
CELL_02025,22.75,92.75
CELL_02026,22.75,93.0
CELL_02027,23.0,69.0
CELL_02028,23.0,69.25
CELL_02029,23.0,69.5
CELL_02030,23.0,69.75
CELL_02031,23.0,70.0
CELL_02032,23.0,70.25
CELL_02033,23.0,70.5
CELL_02034,23.0,70.75
CELL_02035,23.0,71.0
CELL_02036,23.0,71.25
CELL_02037,23.0,71.5
CELL_02038,23.0,71.75
CELL_02039,23.0,72.0
CELL_02040,23.0,72.25
CELL_02041,23.0,72.5
CELL_02042,23.0,72.75
CELL_02043,23.0,73.0
CELL_02044,23.0,73.25
CELL_02045,23.0,73.5
CELL_02046,23.0,73.75
CELL_02047,23.0,74.0
CELL_02048,23.0,74.25
CELL_02049,23.0,74.5
CELL_02050,23.0,74.75
CELL_02051,23.0,75.0
CELL_02052,23.0,75.25
CELL_02053,23.0,75.5
CELL_02054,23.0,75.75
CELL_02055,23.0,76.0
CELL_02056,23.0,76.25
CELL_02057,23.0,76.5
CELL_02058,23.0,76.75
CELL_02059,23.0,77.0
CELL_02060,23.0,77.25
CELL_02061,23.0,77.5
CELL_02062,23.0,77.75
CELL_02063,23.0,78.0
CELL_02064,23.0,78.25
CELL_02065,23.0,78.5
CELL_02066,23.0,78.75
CELL_02067,23.0,79.0
CELL_02068,23.0,79.25
CELL_02069,23.0,79.5
CELL_02070,23.0,79.75
CELL_02071,23.0,80.0
CELL_02072,23.0,80.25
CELL_02073,23.0,80.5
CELL_02074,23.0,80.75
CELL_02075,23.0,81.0
CELL_02076,23.0,81.25
CELL_02077,23.0,81.5
CELL_02078,23.0,81.75
CELL_02079,23.0,82.0
CELL_02080,23.0,82.25
CELL_02081,23.0,82.5
CELL_02082,23.0,82.75
CELL_02083,23.0,83.0
CELL_02084,23.0,83.25
CELL_02085,23.0,83.5
CELL_02086,23.0,83.75
CELL_02087,23.0,84.0
CELL_02088,23.0,84.25
CELL_02089,23.0,84.5
CELL_02090,23.0,84.75
CELL_02091,23.0,85.0
CELL_02092,23.0,85.25
CELL_02093,23.0,85.5
CELL_02094,23.0,85.75
CELL_02095,23.0,86.0
CELL_02096,23.0,86.25
CELL_02097,23.0,86.5
CELL_02098,23.0,86.75
CELL_02099,23.0,87.0
CELL_02100,23.0,87.25
CELL_02101,23.0,87.5
CELL_02102,23.0,87.75
CELL_02103,23.0,88.0
CELL_02104,23.0,88.25
CELL_02105,23.0,88.5
CELL_02106,23.0,88.75
CELL_02107,23.0,92.5
CELL_02108,23.0,92.75
CELL_02109,23.0,93.0
CELL_02110,23.25,68.75
CELL_02111,23.25,69.0
CELL_02112,23.25,69.25
CELL_02113,23.25,69.5
CELL_02114,23.25,69.75
CELL_02115,23.25,70.0
CELL_02116,23.25,70.25
CELL_02117,23.25,70.5
CELL_02118,23.25,70.75
CELL_02119,23.25,71.0
CELL_02120,23.25,71.25
CELL_02121,23.25,71.5
CELL_02122,23.25,71.75
CELL_02123,23.25,72.0
CELL_02124,23.25,72.25
CELL_02125,23.25,72.5
CELL_02126,23.25,72.75
CELL_02127,23.25,73.0
CELL_02128,23.25,73.25
CELL_02129,23.25,73.5
CELL_02130,23.25,73.75
CELL_02131,23.25,74.0
CELL_02132,23.25,74.25
CELL_02133,23.25,74.5
CELL_02134,23.25,74.75
CELL_02135,23.25,75.0
CELL_02136,23.25,75.25
CELL_02137,23.25,75.5
CELL_02138,23.25,75.75
CELL_02139,23.25,76.0
CELL_02140,23.25,76.25
CELL_02141,23.25,76.5
CELL_02142,23.25,76.75
CELL_02143,23.25,77.0
CELL_02144,23.25,77.25
CELL_02145,23.25,77.5
CELL_02146,23.25,77.75
CELL_02147,23.25,78.0
CELL_02148,23.25,78.25
CELL_02149,23.25,78.5
CELL_02150,23.25,78.75
CELL_02151,23.25,79.0
CELL_02152,23.25,79.25
CELL_02153,23.25,79.5
CELL_02154,23.25,79.75
CELL_02155,23.25,80.0
CELL_02156,23.25,80.25
CELL_02157,23.25,80.5
CELL_02158,23.25,80.75
CELL_02159,23.25,81.0
CELL_02160,23.25,81.25
CELL_02161,23.25,81.5
CELL_02162,23.25,81.75
CELL_02163,23.25,82.0
CELL_02164,23.25,82.25
CELL_02165,23.25,82.5
CELL_02166,23.25,82.75
CELL_02167,23.25,83.0
CELL_02168,23.25,83.25
CELL_02169,23.25,83.5
CELL_02170,23.25,83.75
CELL_02171,23.25,84.0
CELL_02172,23.25,84.25
CELL_02173,23.25,84.5
CELL_02174,23.25,84.75
CELL_02175,23.25,85.0
CELL_02176,23.25,85.25
CELL_02177,23.25,85.5
CELL_02178,23.25,85.75
CELL_02179,23.25,86.0
CELL_02180,23.25,86.25
CELL_02181,23.25,86.5
CELL_02182,23.25,86.75
CELL_02183,23.25,87.0
CELL_02184,23.25,87.25
CELL_02185,23.25,87.5
CELL_02186,23.25,87.75
CELL_02187,23.25,88.0
CELL_02188,23.25,88.25
CELL_02189,23.25,88.5
CELL_02190,23.25,91.5
CELL_02191,23.25,91.75
CELL_02192,23.25,92.5
CELL_02193,23.25,92.75
CELL_02194,23.25,93.0
CELL_02195,23.25,93.25
CELL_02196,23.5,68.5
CELL_02197,23.5,68.75
CELL_02198,23.5,69.0
CELL_02199,23.5,69.25
CELL_02200,23.5,69.5
CELL_02201,23.5,69.75
CELL_02202,23.5,70.0
CELL_02203,23.5,70.25
CELL_02204,23.5,70.5
CELL_02205,23.5,70.75
CELL_02206,23.5,71.0
CELL_02207,23.5,71.25
CELL_02208,23.5,71.5
CELL_02209,23.5,71.75
CELL_02210,23.5,72.0
CELL_02211,23.5,72.25
CELL_02212,23.5,72.5
CELL_02213,23.5,72.75
CELL_02214,23.5,73.0
CELL_02215,23.5,73.25
CELL_02216,23.5,73.5
CELL_02217,23.5,73.75
CELL_02218,23.5,74.0
CELL_02219,23.5,74.25
CELL_02220,23.5,74.5
CELL_02221,23.5,74.75
CELL_02222,23.5,75.0
CELL_02223,23.5,75.25
CELL_02224,23.5,75.5
CELL_02225,23.5,75.75
CELL_02226,23.5,76.0
CELL_02227,23.5,76.25
CELL_02228,23.5,76.5
CELL_02229,23.5,76.75
CELL_02230,23.5,77.0
CELL_02231,23.5,77.25
CELL_02232,23.5,77.5
CELL_02233,23.5,77.75
CELL_02234,23.5,78.0
CELL_02235,23.5,78.25
CELL_02236,23.5,78.5
CELL_02237,23.5,78.75
CELL_02238,23.5,79.0
CELL_02239,23.5,79.25
CELL_02240,23.5,79.5
CELL_02241,23.5,79.75
CELL_02242,23.5,80.0
CELL_02243,23.5,80.25
CELL_02244,23.5,80.5
CELL_02245,23.5,80.75
CELL_02246,23.5,81.0
CELL_02247,23.5,81.25
CELL_02248,23.5,81.5
CELL_02249,23.5,81.75
CELL_02250,23.5,82.0
CELL_02251,23.5,82.25
CELL_02252,23.5,82.5
CELL_02253,23.5,82.75
CELL_02254,23.5,83.0
CELL_02255,23.5,83.25
CELL_02256,23.5,83.5
CELL_02257,23.5,83.75
CELL_02258,23.5,84.0
CELL_02259,23.5,84.25
CELL_02260,23.5,84.5
CELL_02261,23.5,84.75
CELL_02262,23.5,85.0
CELL_02263,23.5,85.25
CELL_02264,23.5,85.5
CELL_02265,23.5,85.75
CELL_02266,23.5,86.0
CELL_02267,23.5,86.25
CELL_02268,23.5,86.5
CELL_02269,23.5,86.75
CELL_02270,23.5,87.0
CELL_02271,23.5,87.25
CELL_02272,23.5,87.5
CELL_02273,23.5,87.75
CELL_02274,23.5,88.0
CELL_02275,23.5,88.25
CELL_02276,23.5,88.5
CELL_02277,23.5,91.25
CELL_02278,23.5,91.5
CELL_02279,23.5,91.75
CELL_02280,23.5,92.5
CELL_02281,23.5,92.75
CELL_02282,23.5,93.0
CELL_02283,23.5,93.25
CELL_02284,23.75,68.25
CELL_02285,23.75,68.5
CELL_02286,23.75,68.75
CELL_02287,23.75,69.0
CELL_02288,23.75,69.25
CELL_02289,23.75,69.5
CELL_02290,23.75,69.75
CELL_02291,23.75,70.0
CELL_02292,23.75,70.25
CELL_02293,23.75,70.5
CELL_02294,23.75,70.75
CELL_02295,23.75,71.0
CELL_02296,23.75,71.25
CELL_02297,23.75,71.5
CELL_02298,23.75,71.75
CELL_02299,23.75,72.0
CELL_02300,23.75,72.25
CELL_02301,23.75,72.5
CELL_02302,23.75,72.75
CELL_02303,23.75,73.0
CELL_02304,23.75,73.25
CELL_02305,23.75,73.5
CELL_02306,23.75,73.75
CELL_02307,23.75,74.0
CELL_02308,23.75,74.25
CELL_02309,23.75,74.5
CELL_02310,23.75,74.75
CELL_02311,23.75,75.0
CELL_02312,23.75,75.25
CELL_02313,23.75,75.5
CELL_02314,23.75,75.75
CELL_02315,23.75,76.0
CELL_02316,23.75,76.25
CELL_02317,23.75,76.5
CELL_02318,23.75,76.75
CELL_02319,23.75,77.0
CELL_02320,23.75,77.25
CELL_02321,23.75,77.5
CELL_02322,23.75,77.75
CELL_02323,23.75,78.0
CELL_02324,23.75,78.25
CELL_02325,23.75,78.5
CELL_02326,23.75,78.75
CELL_02327,23.75,79.0
CELL_02328,23.75,79.25
CELL_02329,23.75,79.5
CELL_02330,23.75,79.75
CELL_02331,23.75,80.0
CELL_02332,23.75,80.25
CELL_02333,23.75,80.5
CELL_02334,23.75,80.75
CELL_02335,23.75,81.0
CELL_02336,23.75,81.25
CELL_02337,23.75,81.5
CELL_02338,23.75,81.75
CELL_02339,23.75,82.0
CELL_02340,23.75,82.25
CELL_02341,23.75,82.5
CELL_02342,23.75,82.75
CELL_02343,23.75,83.0
CELL_02344,23.75,83.25
CELL_02345,23.75,83.5
CELL_02346,23.75,83.75
CELL_02347,23.75,84.0
CELL_02348,23.75,84.25
CELL_02349,23.75,84.5
CELL_02350,23.75,84.75
CELL_02351,23.75,85.0
CELL_02352,23.75,85.25
CELL_02353,23.75,85.5
CELL_02354,23.75,85.75
CELL_02355,23.75,86.0
CELL_02356,23.75,86.25
CELL_02357,23.75,86.5
CELL_02358,23.75,86.75
CELL_02359,23.75,87.0
CELL_02360,23.75,87.25
CELL_02361,23.75,87.5
CELL_02362,23.75,87.75
CELL_02363,23.75,88.0
CELL_02364,23.75,88.25
CELL_02365,23.75,88.5
CELL_02366,23.75,91.25
CELL_02367,23.75,91.5
CELL_02368,23.75,91.75
CELL_02369,23.75,92.0
CELL_02370,23.75,92.25
CELL_02371,23.75,92.5
CELL_02372,23.75,92.75
CELL_02373,23.75,93.0
CELL_02374,23.75,93.25
CELL_02375,24.0,69.0
CELL_02376,24.0,69.25
CELL_02377,24.0,69.5
CELL_02378,24.0,69.75
CELL_02379,24.0,70.0
CELL_02380,24.0,70.25
CELL_02381,24.0,70.5
CELL_02382,24.0,70.75
CELL_02383,24.0,71.0
CELL_02384,24.0,71.25
CELL_02385,24.0,71.5
CELL_02386,24.0,71.75
CELL_02387,24.0,72.0
CELL_02388,24.0,72.25
CELL_02389,24.0,72.5
CELL_02390,24.0,72.75
CELL_02391,24.0,73.0
CELL_02392,24.0,73.25
CELL_02393,24.0,73.5
CELL_02394,24.0,73.75
CELL_02395,24.0,74.0
CELL_02396,24.0,74.25
CELL_02397,24.0,74.5
CELL_02398,24.0,74.75
CELL_02399,24.0,75.0
CELL_02400,24.0,75.25
CELL_02401,24.0,75.5
CELL_02402,24.0,75.75
CELL_02403,24.0,76.0
CELL_02404,24.0,76.25
CELL_02405,24.0,76.5
CELL_02406,24.0,76.75
CELL_02407,24.0,77.0
CELL_02408,24.0,77.25
CELL_02409,24.0,77.5
CELL_02410,24.0,77.75
CELL_02411,24.0,78.0
CELL_02412,24.0,78.25
CELL_02413,24.0,78.5
CELL_02414,24.0,78.75
CELL_02415,24.0,79.0
CELL_02416,24.0,79.25
CELL_02417,24.0,79.5
CELL_02418,24.0,79.75
CELL_02419,24.0,80.0
CELL_02420,24.0,80.25
CELL_02421,24.0,80.5
CELL_02422,24.0,80.75
CELL_02423,24.0,81.0
CELL_02424,24.0,81.25
CELL_02425,24.0,81.5
CELL_02426,24.0,81.75
CELL_02427,24.0,82.0
CELL_02428,24.0,82.25
CELL_02429,24.0,82.5
CELL_02430,24.0,82.75
CELL_02431,24.0,83.0
CELL_02432,24.0,83.25
CELL_02433,24.0,83.5
CELL_02434,24.0,83.75
CELL_02435,24.0,84.0
CELL_02436,24.0,84.25
CELL_02437,24.0,84.5
CELL_02438,24.0,84.75
CELL_02439,24.0,85.0
CELL_02440,24.0,85.25
CELL_02441,24.0,85.5
CELL_02442,24.0,85.75
CELL_02443,24.0,86.0
CELL_02444,24.0,86.25
CELL_02445,24.0,86.5
CELL_02446,24.0,86.75
CELL_02447,24.0,87.0
CELL_02448,24.0,87.25
CELL_02449,24.0,87.5
CELL_02450,24.0,87.75
CELL_02451,24.0,88.0
CELL_02452,24.0,88.25
CELL_02453,24.0,88.5
CELL_02454,24.0,88.75
CELL_02455,24.0,91.5
CELL_02456,24.0,91.75
CELL_02457,24.0,92.0
CELL_02458,24.0,92.25
CELL_02459,24.0,92.5
CELL_02460,24.0,92.75
CELL_02461,24.0,93.0
CELL_02462,24.0,93.25
CELL_02463,24.0,93.5
CELL_02464,24.0,94.0
CELL_02465,24.25,69.25
CELL_02466,24.25,69.5
CELL_02467,24.25,70.25
CELL_02468,24.25,70.5
CELL_02469,24.25,71.0
CELL_02470,24.25,71.25
CELL_02471,24.25,71.5
CELL_02472,24.25,71.75
CELL_02473,24.25,72.0
CELL_02474,24.25,72.25
CELL_02475,24.25,72.5
CELL_02476,24.25,72.75
CELL_02477,24.25,73.0
CELL_02478,24.25,73.25
CELL_02479,24.25,73.5
CELL_02480,24.25,73.75
CELL_02481,24.25,74.0
CELL_02482,24.25,74.25
CELL_02483,24.25,74.5
CELL_02484,24.25,74.75
CELL_02485,24.25,75.0
CELL_02486,24.25,75.25
CELL_02487,24.25,75.5
CELL_02488,24.25,75.75
CELL_02489,24.25,76.0
CELL_02490,24.25,76.25
CELL_02491,24.25,76.5
CELL_02492,24.25,76.75
CELL_02493,24.25,77.0
CELL_02494,24.25,77.25
CELL_02495,24.25,77.5
CELL_02496,24.25,77.75
CELL_02497,24.25,78.0
CELL_02498,24.25,78.25
CELL_02499,24.25,78.5
CELL_02500,24.25,78.75
CELL_02501,24.25,79.0
CELL_02502,24.25,79.25
CELL_02503,24.25,79.5
CELL_02504,24.25,79.75
CELL_02505,24.25,80.0
CELL_02506,24.25,80.25
CELL_02507,24.25,80.5
CELL_02508,24.25,80.75
CELL_02509,24.25,81.0
CELL_02510,24.25,81.25
CELL_02511,24.25,81.5
CELL_02512,24.25,81.75
CELL_02513,24.25,82.0
CELL_02514,24.25,82.25
CELL_02515,24.25,82.5
CELL_02516,24.25,82.75
CELL_02517,24.25,83.0
CELL_02518,24.25,83.25
CELL_02519,24.25,83.5
CELL_02520,24.25,83.75
CELL_02521,24.25,84.0
CELL_02522,24.25,84.25
CELL_02523,24.25,84.5
CELL_02524,24.25,84.75
CELL_02525,24.25,85.0
CELL_02526,24.25,85.25
CELL_02527,24.25,85.5
CELL_02528,24.25,85.75
CELL_02529,24.25,86.0
CELL_02530,24.25,86.25
CELL_02531,24.25,86.5
CELL_02532,24.25,86.75
CELL_02533,24.25,87.0
CELL_02534,24.25,87.25
CELL_02535,24.25,87.5
CELL_02536,24.25,87.75
CELL_02537,24.25,88.0
CELL_02538,24.25,88.25
CELL_02539,24.25,88.5
CELL_02540,24.25,92.0
CELL_02541,24.25,92.25
CELL_02542,24.25,92.5
CELL_02543,24.25,92.75
CELL_02544,24.25,93.0
CELL_02545,24.25,93.25
CELL_02546,24.25,93.5
CELL_02547,24.25,93.75
CELL_02548,24.25,94.0
CELL_02549,24.25,94.25
CELL_02550,24.5,71.25
CELL_02551,24.5,71.5
CELL_02552,24.5,71.75
CELL_02553,24.5,72.0
CELL_02554,24.5,72.25
CELL_02555,24.5,72.5
CELL_02556,24.5,72.75
CELL_02557,24.5,73.0
CELL_02558,24.5,73.25
CELL_02559,24.5,73.5
CELL_02560,24.5,73.75
CELL_02561,24.5,74.0
CELL_02562,24.5,74.25
CELL_02563,24.5,74.5
CELL_02564,24.5,74.75
CELL_02565,24.5,75.0
CELL_02566,24.5,75.25
CELL_02567,24.5,75.5
CELL_02568,24.5,75.75
CELL_02569,24.5,76.0
CELL_02570,24.5,76.25
CELL_02571,24.5,76.5
CELL_02572,24.5,76.75
CELL_02573,24.5,77.0
CELL_02574,24.5,77.25
CELL_02575,24.5,77.5
CELL_02576,24.5,77.75
CELL_02577,24.5,78.0
CELL_02578,24.5,78.25
CELL_02579,24.5,78.5
CELL_02580,24.5,78.75
CELL_02581,24.5,79.0
CELL_02582,24.5,79.25
CELL_02583,24.5,79.5
CELL_02584,24.5,79.75
CELL_02585,24.5,80.0
CELL_02586,24.5,80.25
CELL_02587,24.5,80.5
CELL_02588,24.5,80.75
CELL_02589,24.5,81.0
CELL_02590,24.5,81.25
CELL_02591,24.5,81.5
CELL_02592,24.5,81.75
CELL_02593,24.5,82.0
CELL_02594,24.5,82.25
CELL_02595,24.5,82.5
CELL_02596,24.5,82.75
CELL_02597,24.5,83.0
CELL_02598,24.5,83.25
CELL_02599,24.5,83.5
CELL_02600,24.5,83.75
CELL_02601,24.5,84.0
CELL_02602,24.5,84.25
CELL_02603,24.5,84.5
CELL_02604,24.5,84.75
CELL_02605,24.5,85.0
CELL_02606,24.5,85.25
CELL_02607,24.5,85.5
CELL_02608,24.5,85.75
CELL_02609,24.5,86.0
CELL_02610,24.5,86.25
CELL_02611,24.5,86.5
CELL_02612,24.5,86.75
CELL_02613,24.5,87.0
CELL_02614,24.5,87.25
CELL_02615,24.5,87.5
CELL_02616,24.5,87.75
CELL_02617,24.5,88.0
CELL_02618,24.5,92.25
CELL_02619,24.5,92.5
CELL_02620,24.5,92.75
CELL_02621,24.5,93.0
CELL_02622,24.5,93.25
CELL_02623,24.5,93.5
CELL_02624,24.5,93.75
CELL_02625,24.5,94.0
CELL_02626,24.5,94.25
CELL_02627,24.75,71.25
CELL_02628,24.75,71.5
CELL_02629,24.75,71.75
CELL_02630,24.75,72.0
CELL_02631,24.75,72.25
CELL_02632,24.75,72.5
CELL_02633,24.75,72.75
CELL_02634,24.75,73.0
CELL_02635,24.75,73.25
CELL_02636,24.75,73.5
CELL_02637,24.75,73.75
CELL_02638,24.75,74.0
CELL_02639,24.75,74.25
CELL_02640,24.75,74.5
CELL_02641,24.75,74.75
CELL_02642,24.75,75.0
CELL_02643,24.75,75.25
CELL_02644,24.75,75.5
CELL_02645,24.75,75.75
CELL_02646,24.75,76.0
CELL_02647,24.75,76.25
CELL_02648,24.75,76.5
CELL_02649,24.75,76.75
CELL_02650,24.75,77.0
CELL_02651,24.75,77.25
CELL_02652,24.75,77.5
CELL_02653,24.75,77.75
CELL_02654,24.75,78.0
CELL_02655,24.75,78.25
CELL_02656,24.75,78.5
CELL_02657,24.75,78.75
CELL_02658,24.75,79.0
CELL_02659,24.75,79.25
CELL_02660,24.75,79.5
CELL_02661,24.75,79.75
CELL_02662,24.75,80.0
CELL_02663,24.75,80.25
CELL_02664,24.75,80.5
CELL_02665,24.75,80.75
CELL_02666,24.75,81.0
CELL_02667,24.75,81.25
CELL_02668,24.75,81.5
CELL_02669,24.75,81.75
CELL_02670,24.75,82.0
CELL_02671,24.75,82.25
CELL_02672,24.75,82.5
CELL_02673,24.75,82.75
CELL_02674,24.75,83.0
CELL_02675,24.75,83.25
CELL_02676,24.75,83.5
CELL_02677,24.75,83.75
CELL_02678,24.75,84.0
CELL_02679,24.75,84.25
CELL_02680,24.75,84.5
CELL_02681,24.75,84.75
CELL_02682,24.75,85.0
CELL_02683,24.75,85.25
CELL_02684,24.75,85.5
CELL_02685,24.75,85.75
CELL_02686,24.75,86.0
CELL_02687,24.75,86.25
CELL_02688,24.75,86.5
CELL_02689,24.75,86.75
CELL_02690,24.75,87.0
CELL_02691,24.75,87.25
CELL_02692,24.75,87.5
CELL_02693,24.75,87.75
CELL_02694,24.75,88.0
CELL_02695,24.75,92.5
CELL_02696,24.75,92.75
CELL_02697,24.75,93.0
CELL_02698,24.75,93.25
CELL_02699,24.75,93.5
CELL_02700,24.75,93.75
CELL_02701,24.75,94.0
CELL_02702,24.75,94.25
CELL_02703,24.75,94.5
CELL_02704,25.0,71.0
CELL_02705,25.0,71.25
CELL_02706,25.0,71.5
CELL_02707,25.0,71.75
CELL_02708,25.0,72.0
CELL_02709,25.0,72.25
CELL_02710,25.0,72.5
CELL_02711,25.0,72.75
CELL_02712,25.0,73.0
CELL_02713,25.0,73.25
CELL_02714,25.0,73.5
CELL_02715,25.0,73.75
CELL_02716,25.0,74.0
CELL_02717,25.0,74.25
CELL_02718,25.0,74.5
CELL_02719,25.0,74.75
CELL_02720,25.0,75.0
CELL_02721,25.0,75.25
CELL_02722,25.0,75.5
CELL_02723,25.0,75.75
CELL_02724,25.0,76.0
CELL_02725,25.0,76.25
CELL_02726,25.0,76.5
CELL_02727,25.0,76.75
CELL_02728,25.0,77.0
CELL_02729,25.0,77.25
CELL_02730,25.0,77.5
CELL_02731,25.0,77.75
CELL_02732,25.0,78.0
CELL_02733,25.0,78.25
CELL_02734,25.0,78.5
CELL_02735,25.0,78.75
CELL_02736,25.0,79.0
CELL_02737,25.0,79.25
CELL_02738,25.0,79.5
CELL_02739,25.0,79.75
CELL_02740,25.0,80.0
CELL_02741,25.0,80.25
CELL_02742,25.0,80.5
CELL_02743,25.0,80.75
CELL_02744,25.0,81.0
CELL_02745,25.0,81.25
CELL_02746,25.0,81.5
CELL_02747,25.0,81.75
CELL_02748,25.0,82.0
CELL_02749,25.0,82.25
CELL_02750,25.0,82.5
CELL_02751,25.0,82.75
CELL_02752,25.0,83.0
CELL_02753,25.0,83.25
CELL_02754,25.0,83.5
CELL_02755,25.0,83.75
CELL_02756,25.0,84.0
CELL_02757,25.0,84.25
CELL_02758,25.0,84.5
CELL_02759,25.0,84.75
CELL_02760,25.0,85.0
CELL_02761,25.0,85.25
CELL_02762,25.0,85.5
CELL_02763,25.0,85.75
CELL_02764,25.0,86.0
CELL_02765,25.0,86.25
CELL_02766,25.0,86.5
CELL_02767,25.0,86.75
CELL_02768,25.0,87.0
CELL_02769,25.0,87.25
CELL_02770,25.0,87.5
CELL_02771,25.0,87.75
CELL_02772,25.0,88.0
CELL_02773,25.0,88.25
CELL_02774,25.0,92.5
CELL_02775,25.0,92.75
CELL_02776,25.0,93.0
CELL_02777,25.0,93.25
CELL_02778,25.0,93.5
CELL_02779,25.0,93.75
CELL_02780,25.0,94.0
CELL_02781,25.0,94.25
CELL_02782,25.0,94.5
CELL_02783,25.25,71.0
CELL_02784,25.25,71.25
CELL_02785,25.25,71.5
CELL_02786,25.25,71.75
CELL_02787,25.25,72.0
CELL_02788,25.25,72.25
CELL_02789,25.25,72.5
CELL_02790,25.25,72.75
CELL_02791,25.25,73.0
CELL_02792,25.25,73.25
CELL_02793,25.25,73.5
CELL_02794,25.25,73.75
CELL_02795,25.25,74.0
CELL_02796,25.25,74.25
CELL_02797,25.25,74.5
CELL_02798,25.25,74.75
CELL_02799,25.25,75.0
CELL_02800,25.25,75.25
CELL_02801,25.25,75.5
CELL_02802,25.25,75.75
CELL_02803,25.25,76.0
CELL_02804,25.25,76.25
CELL_02805,25.25,76.5
CELL_02806,25.25,76.75
CELL_02807,25.25,77.0
CELL_02808,25.25,77.25
CELL_02809,25.25,77.5
CELL_02810,25.25,77.75
CELL_02811,25.25,78.0
CELL_02812,25.25,78.25
CELL_02813,25.25,78.5
CELL_02814,25.25,78.75
CELL_02815,25.25,79.0
CELL_02816,25.25,79.25
CELL_02817,25.25,79.5
CELL_02818,25.25,79.75
CELL_02819,25.25,80.0
CELL_02820,25.25,80.25
CELL_02821,25.25,80.5
CELL_02822,25.25,80.75
CELL_02823,25.25,81.0
CELL_02824,25.25,81.25
CELL_02825,25.25,81.5
CELL_02826,25.25,81.75
CELL_02827,25.25,82.0
CELL_02828,25.25,82.25
CELL_02829,25.25,82.5
CELL_02830,25.25,82.75
CELL_02831,25.25,83.0
CELL_02832,25.25,83.25
CELL_02833,25.25,83.5
CELL_02834,25.25,83.75
CELL_02835,25.25,84.0
CELL_02836,25.25,84.25
CELL_02837,25.25,84.5
CELL_02838,25.25,84.75
CELL_02839,25.25,85.0
CELL_02840,25.25,85.25
CELL_02841,25.25,85.5
CELL_02842,25.25,85.75
CELL_02843,25.25,86.0
CELL_02844,25.25,86.25
CELL_02845,25.25,86.5
CELL_02846,25.25,86.75
CELL_02847,25.25,87.0
CELL_02848,25.25,87.25
CELL_02849,25.25,87.5
CELL_02850,25.25,87.75
CELL_02851,25.25,88.0
CELL_02852,25.25,88.25
CELL_02853,25.25,88.5
CELL_02854,25.25,88.75
CELL_02855,25.25,90.25
CELL_02856,25.25,90.5
CELL_02857,25.25,90.75
CELL_02858,25.25,91.0
CELL_02859,25.25,91.25
CELL_02860,25.25,91.5
CELL_02861,25.25,91.75
CELL_02862,25.25,92.0
CELL_02863,25.25,92.25
CELL_02864,25.25,92.5
CELL_02865,25.25,92.75
CELL_02866,25.25,93.0
CELL_02867,25.25,93.25
CELL_02868,25.25,93.5
CELL_02869,25.25,93.75
CELL_02870,25.25,94.0
CELL_02871,25.25,94.25
CELL_02872,25.25,94.5
CELL_02873,25.5,70.75
CELL_02874,25.5,71.0
CELL_02875,25.5,71.25
CELL_02876,25.5,71.5
CELL_02877,25.5,71.75
CELL_02878,25.5,72.0
CELL_02879,25.5,72.25
CELL_02880,25.5,72.5
CELL_02881,25.5,72.75
CELL_02882,25.5,73.0
CELL_02883,25.5,73.25
CELL_02884,25.5,73.5
CELL_02885,25.5,73.75
CELL_02886,25.5,74.0
CELL_02887,25.5,74.25
CELL_02888,25.5,74.5
CELL_02889,25.5,74.75
CELL_02890,25.5,75.0
CELL_02891,25.5,75.25
CELL_02892,25.5,75.5
CELL_02893,25.5,75.75
CELL_02894,25.5,76.0
CELL_02895,25.5,76.25
CELL_02896,25.5,76.5
CELL_02897,25.5,76.75
CELL_02898,25.5,77.0
CELL_02899,25.5,77.25
CELL_02900,25.5,77.5
CELL_02901,25.5,77.75
CELL_02902,25.5,78.0
CELL_02903,25.5,78.25
CELL_02904,25.5,78.5
CELL_02905,25.5,78.75
CELL_02906,25.5,79.0
CELL_02907,25.5,79.25
CELL_02908,25.5,79.5
CELL_02909,25.5,79.75
CELL_02910,25.5,80.0
CELL_02911,25.5,80.25
CELL_02912,25.5,80.5
CELL_02913,25.5,80.75
CELL_02914,25.5,81.0
CELL_02915,25.5,81.25
CELL_02916,25.5,81.5
CELL_02917,25.5,81.75
CELL_02918,25.5,82.0
CELL_02919,25.5,82.25
CELL_02920,25.5,82.5
CELL_02921,25.5,82.75
CELL_02922,25.5,83.0
CELL_02923,25.5,83.25
CELL_02924,25.5,83.5
CELL_02925,25.5,83.75
CELL_02926,25.5,84.0
CELL_02927,25.5,84.25
CELL_02928,25.5,84.5
CELL_02929,25.5,84.75
CELL_02930,25.5,85.0
CELL_02931,25.5,85.25
CELL_02932,25.5,85.5
CELL_02933,25.5,85.75
CELL_02934,25.5,86.0
CELL_02935,25.5,86.25
CELL_02936,25.5,86.5
CELL_02937,25.5,86.75
CELL_02938,25.5,87.0
CELL_02939,25.5,87.25
CELL_02940,25.5,87.5
CELL_02941,25.5,87.75
CELL_02942,25.5,88.0
CELL_02943,25.5,88.25
CELL_02944,25.5,88.5
CELL_02945,25.5,90.0
CELL_02946,25.5,90.25
CELL_02947,25.5,90.5
CELL_02948,25.5,90.75
CELL_02949,25.5,91.0
CELL_02950,25.5,91.25
CELL_02951,25.5,91.5
CELL_02952,25.5,91.75
CELL_02953,25.5,92.0
CELL_02954,25.5,92.25
CELL_02955,25.5,92.5
CELL_02956,25.5,92.75
CELL_02957,25.5,93.0
CELL_02958,25.5,93.25
CELL_02959,25.5,93.5
CELL_02960,25.5,93.75
CELL_02961,25.5,94.0
CELL_02962,25.5,94.25
CELL_02963,25.5,94.5
CELL_02964,25.5,94.75
CELL_02965,25.75,70.5
CELL_02966,25.75,70.75
CELL_02967,25.75,71.0
CELL_02968,25.75,71.25
CELL_02969,25.75,71.5
CELL_02970,25.75,71.75
CELL_02971,25.75,72.0
CELL_02972,25.75,72.25
CELL_02973,25.75,72.5
CELL_02974,25.75,72.75
CELL_02975,25.75,73.0
CELL_02976,25.75,73.25
CELL_02977,25.75,73.5
CELL_02978,25.75,73.75
CELL_02979,25.75,74.0
CELL_02980,25.75,74.25
CELL_02981,25.75,74.5
CELL_02982,25.75,74.75
CELL_02983,25.75,75.0
CELL_02984,25.75,75.25
CELL_02985,25.75,75.5
CELL_02986,25.75,75.75
CELL_02987,25.75,76.0
CELL_02988,25.75,76.25
CELL_02989,25.75,76.5
CELL_02990,25.75,76.75
CELL_02991,25.75,77.0
CELL_02992,25.75,77.25
CELL_02993,25.75,77.5
CELL_02994,25.75,77.75
CELL_02995,25.75,78.0
CELL_02996,25.75,78.25
CELL_02997,25.75,78.5
CELL_02998,25.75,78.75
CELL_02999,25.75,79.0
CELL_03000,25.75,79.25
CELL_03001,25.75,79.5
CELL_03002,25.75,79.75
CELL_03003,25.75,80.0
CELL_03004,25.75,80.25
CELL_03005,25.75,80.5
CELL_03006,25.75,80.75
CELL_03007,25.75,81.0
CELL_03008,25.75,81.25
CELL_03009,25.75,81.5
CELL_03010,25.75,81.75
CELL_03011,25.75,82.0
CELL_03012,25.75,82.25
CELL_03013,25.75,82.5
CELL_03014,25.75,82.75
CELL_03015,25.75,83.0
CELL_03016,25.75,83.25
CELL_03017,25.75,83.5
CELL_03018,25.75,83.75
CELL_03019,25.75,84.0
CELL_03020,25.75,84.25
CELL_03021,25.75,84.5
CELL_03022,25.75,84.75
CELL_03023,25.75,85.0
CELL_03024,25.75,85.25
CELL_03025,25.75,85.5
CELL_03026,25.75,85.75
CELL_03027,25.75,86.0
CELL_03028,25.75,86.25
CELL_03029,25.75,86.5
CELL_03030,25.75,86.75
CELL_03031,25.75,87.0
CELL_03032,25.75,87.25
CELL_03033,25.75,87.5
CELL_03034,25.75,87.75
CELL_03035,25.75,88.0
CELL_03036,25.75,88.25
CELL_03037,25.75,90.0
CELL_03038,25.75,90.25
CELL_03039,25.75,90.5
CELL_03040,25.75,90.75
CELL_03041,25.75,91.0
CELL_03042,25.75,91.25
CELL_03043,25.75,91.5
CELL_03044,25.75,91.75
CELL_03045,25.75,92.0
CELL_03046,25.75,92.25
CELL_03047,25.75,92.5
CELL_03048,25.75,92.75
CELL_03049,25.75,93.0
CELL_03050,25.75,93.25
CELL_03051,25.75,93.5
CELL_03052,25.75,93.75
CELL_03053,25.75,94.0
CELL_03054,25.75,94.25
CELL_03055,25.75,94.5
CELL_03056,25.75,94.75
CELL_03057,25.75,95.0
CELL_03058,26.0,70.25
CELL_03059,26.0,70.5
CELL_03060,26.0,70.75
CELL_03061,26.0,71.0
CELL_03062,26.0,71.25
CELL_03063,26.0,71.5
CELL_03064,26.0,71.75
CELL_03065,26.0,72.0
CELL_03066,26.0,72.25
CELL_03067,26.0,72.5
CELL_03068,26.0,72.75
CELL_03069,26.0,73.0
CELL_03070,26.0,73.25
CELL_03071,26.0,73.5
CELL_03072,26.0,73.75
CELL_03073,26.0,74.0
CELL_03074,26.0,74.25
CELL_03075,26.0,74.5
CELL_03076,26.0,74.75
CELL_03077,26.0,75.0
CELL_03078,26.0,75.25
CELL_03079,26.0,75.5
CELL_03080,26.0,75.75
CELL_03081,26.0,76.0
CELL_03082,26.0,76.25
CELL_03083,26.0,76.5
CELL_03084,26.0,76.75
CELL_03085,26.0,77.0
CELL_03086,26.0,77.25
CELL_03087,26.0,77.5
CELL_03088,26.0,77.75
CELL_03089,26.0,78.0
CELL_03090,26.0,78.25
CELL_03091,26.0,78.5
CELL_03092,26.0,78.75
CELL_03093,26.0,79.0
CELL_03094,26.0,79.25
CELL_03095,26.0,79.5
CELL_03096,26.0,79.75
CELL_03097,26.0,80.0
CELL_03098,26.0,80.25
CELL_03099,26.0,80.5
CELL_03100,26.0,80.75
CELL_03101,26.0,81.0
CELL_03102,26.0,81.25
CELL_03103,26.0,81.5
CELL_03104,26.0,81.75
CELL_03105,26.0,82.0
CELL_03106,26.0,82.25
CELL_03107,26.0,82.5
CELL_03108,26.0,82.75
CELL_03109,26.0,83.0
CELL_03110,26.0,83.25
CELL_03111,26.0,83.5
CELL_03112,26.0,83.75
CELL_03113,26.0,84.0
CELL_03114,26.0,84.25
CELL_03115,26.0,84.5
CELL_03116,26.0,84.75
CELL_03117,26.0,85.0
CELL_03118,26.0,85.25
CELL_03119,26.0,85.5
CELL_03120,26.0,85.75
CELL_03121,26.0,86.0
CELL_03122,26.0,86.25
CELL_03123,26.0,86.5
CELL_03124,26.0,86.75
CELL_03125,26.0,87.0
CELL_03126,26.0,87.25
CELL_03127,26.0,87.5
CELL_03128,26.0,87.75
CELL_03129,26.0,88.0
CELL_03130,26.0,90.0
CELL_03131,26.0,90.25
CELL_03132,26.0,90.5
CELL_03133,26.0,90.75
CELL_03134,26.0,91.0
CELL_03135,26.0,91.25
CELL_03136,26.0,91.5
CELL_03137,26.0,91.75
CELL_03138,26.0,92.0
CELL_03139,26.0,92.25
CELL_03140,26.0,92.5
CELL_03141,26.0,92.75
CELL_03142,26.0,93.0
CELL_03143,26.0,93.25
CELL_03144,26.0,93.5
CELL_03145,26.0,93.75
CELL_03146,26.0,94.0
CELL_03147,26.0,94.25
CELL_03148,26.0,94.5
CELL_03149,26.0,94.75
CELL_03150,26.0,95.0
CELL_03151,26.25,70.25
CELL_03152,26.25,70.5
CELL_03153,26.25,70.75
CELL_03154,26.25,71.0
CELL_03155,26.25,71.25
CELL_03156,26.25,71.5
CELL_03157,26.25,71.75
CELL_03158,26.25,72.0
CELL_03159,26.25,72.25
CELL_03160,26.25,72.5
CELL_03161,26.25,72.75
CELL_03162,26.25,73.0
CELL_03163,26.25,73.25
CELL_03164,26.25,73.5
CELL_03165,26.25,73.75
CELL_03166,26.25,74.0
CELL_03167,26.25,74.25
CELL_03168,26.25,74.5
CELL_03169,26.25,74.75
CELL_03170,26.25,75.0
CELL_03171,26.25,75.25
CELL_03172,26.25,75.5
CELL_03173,26.25,75.75
CELL_03174,26.25,76.0
CELL_03175,26.25,76.25
CELL_03176,26.25,76.5
CELL_03177,26.25,76.75
CELL_03178,26.25,77.0
CELL_03179,26.25,77.25
CELL_03180,26.25,77.5
CELL_03181,26.25,77.75
CELL_03182,26.25,78.0
CELL_03183,26.25,78.25
CELL_03184,26.25,78.5
CELL_03185,26.25,78.75
CELL_03186,26.25,79.0
CELL_03187,26.25,79.25
CELL_03188,26.25,79.5
CELL_03189,26.25,79.75
CELL_03190,26.25,80.0
CELL_03191,26.25,80.25
CELL_03192,26.25,80.5
CELL_03193,26.25,80.75
CELL_03194,26.25,81.0
CELL_03195,26.25,81.25
CELL_03196,26.25,81.5
CELL_03197,26.25,81.75
CELL_03198,26.25,82.0
CELL_03199,26.25,82.25
CELL_03200,26.25,82.5
CELL_03201,26.25,82.75
CELL_03202,26.25,83.0
CELL_03203,26.25,83.25
CELL_03204,26.25,83.5
CELL_03205,26.25,83.75
CELL_03206,26.25,84.0
CELL_03207,26.25,84.25
CELL_03208,26.25,84.5
CELL_03209,26.25,84.75
CELL_03210,26.25,85.0
CELL_03211,26.25,85.25
CELL_03212,26.25,85.5
CELL_03213,26.25,85.75
CELL_03214,26.25,86.0
CELL_03215,26.25,86.25
CELL_03216,26.25,86.5
CELL_03217,26.25,86.75
CELL_03218,26.25,87.0
CELL_03219,26.25,87.25
CELL_03220,26.25,87.5
CELL_03221,26.25,87.75
CELL_03222,26.25,88.0
CELL_03223,26.25,88.25
CELL_03224,26.25,89.0
CELL_03225,26.25,89.25
CELL_03226,26.25,89.5
CELL_03227,26.25,89.75
CELL_03228,26.25,90.0
CELL_03229,26.25,90.25
CELL_03230,26.25,90.5
CELL_03231,26.25,90.75
CELL_03232,26.25,91.0
CELL_03233,26.25,91.25
CELL_03234,26.25,91.5
CELL_03235,26.25,91.75
CELL_03236,26.25,92.0
CELL_03237,26.25,92.25
CELL_03238,26.25,92.5
CELL_03239,26.25,92.75
CELL_03240,26.25,93.0
CELL_03241,26.25,93.25
CELL_03242,26.25,93.5
CELL_03243,26.25,93.75
CELL_03244,26.25,94.0
CELL_03245,26.25,94.25
CELL_03246,26.25,94.5
CELL_03247,26.25,94.75
CELL_03248,26.25,95.0
CELL_03249,26.5,70.25
CELL_03250,26.5,70.5
CELL_03251,26.5,70.75
CELL_03252,26.5,71.0
CELL_03253,26.5,71.25
CELL_03254,26.5,71.5
CELL_03255,26.5,71.75
CELL_03256,26.5,72.0
CELL_03257,26.5,72.25
CELL_03258,26.5,72.5
CELL_03259,26.5,72.75
CELL_03260,26.5,73.0
CELL_03261,26.5,73.25
CELL_03262,26.5,73.5
CELL_03263,26.5,73.75
CELL_03264,26.5,74.0
CELL_03265,26.5,74.25
CELL_03266,26.5,74.5
CELL_03267,26.5,74.75
CELL_03268,26.5,75.0
CELL_03269,26.5,75.25
CELL_03270,26.5,75.5
CELL_03271,26.5,75.75
CELL_03272,26.5,76.0
CELL_03273,26.5,76.25
CELL_03274,26.5,76.5
CELL_03275,26.5,76.75
CELL_03276,26.5,77.0
CELL_03277,26.5,77.25
CELL_03278,26.5,77.5
CELL_03279,26.5,77.75
CELL_03280,26.5,78.0
CELL_03281,26.5,78.25
CELL_03282,26.5,78.5
CELL_03283,26.5,78.75
CELL_03284,26.5,79.0
CELL_03285,26.5,79.25
CELL_03286,26.5,79.5
CELL_03287,26.5,79.75
CELL_03288,26.5,80.0
CELL_03289,26.5,80.25
CELL_03290,26.5,80.5
CELL_03291,26.5,80.75
CELL_03292,26.5,81.0
CELL_03293,26.5,81.25
CELL_03294,26.5,81.5
CELL_03295,26.5,81.75
CELL_03296,26.5,82.0
CELL_03297,26.5,82.25
CELL_03298,26.5,82.5
CELL_03299,26.5,82.75
CELL_03300,26.5,83.0
CELL_03301,26.5,83.25
CELL_03302,26.5,83.5
CELL_03303,26.5,83.75
CELL_03304,26.5,84.0
CELL_03305,26.5,84.25
CELL_03306,26.5,84.5
CELL_03307,26.5,84.75
CELL_03308,26.5,85.0
CELL_03309,26.5,85.25
CELL_03310,26.5,85.5
CELL_03311,26.5,85.75
CELL_03312,26.5,86.0
CELL_03313,26.5,86.25
CELL_03314,26.5,86.5
CELL_03315,26.5,87.0
CELL_03316,26.5,88.25
CELL_03317,26.5,88.75
CELL_03318,26.5,89.0
CELL_03319,26.5,89.25
CELL_03320,26.5,89.5
CELL_03321,26.5,89.75
CELL_03322,26.5,90.0
CELL_03323,26.5,90.25
CELL_03324,26.5,90.5
CELL_03325,26.5,90.75
CELL_03326,26.5,91.0
CELL_03327,26.5,91.25
CELL_03328,26.5,91.5
CELL_03329,26.5,91.75
CELL_03330,26.5,92.0
CELL_03331,26.5,92.25
CELL_03332,26.5,92.5
CELL_03333,26.5,92.75
CELL_03334,26.5,93.0
CELL_03335,26.5,93.25
CELL_03336,26.5,93.5
CELL_03337,26.5,93.75
CELL_03338,26.5,94.0
CELL_03339,26.5,94.25
CELL_03340,26.5,94.5
CELL_03341,26.5,94.75
CELL_03342,26.5,95.0
CELL_03343,26.75,69.75
CELL_03344,26.75,70.0
CELL_03345,26.75,70.25
CELL_03346,26.75,70.5
CELL_03347,26.75,70.75
CELL_03348,26.75,71.0
CELL_03349,26.75,71.25
CELL_03350,26.75,71.5
CELL_03351,26.75,71.75
CELL_03352,26.75,72.0
CELL_03353,26.75,72.25
CELL_03354,26.75,72.5
CELL_03355,26.75,72.75
CELL_03356,26.75,73.0
CELL_03357,26.75,73.25
CELL_03358,26.75,73.5
CELL_03359,26.75,73.75
CELL_03360,26.75,74.0
CELL_03361,26.75,74.25
CELL_03362,26.75,74.5
CELL_03363,26.75,74.75
CELL_03364,26.75,75.0
CELL_03365,26.75,75.25
CELL_03366,26.75,75.5
CELL_03367,26.75,75.75
CELL_03368,26.75,76.0
CELL_03369,26.75,76.25
CELL_03370,26.75,76.5
CELL_03371,26.75,76.75
CELL_03372,26.75,77.0
CELL_03373,26.75,77.25
CELL_03374,26.75,77.5
CELL_03375,26.75,77.75
CELL_03376,26.75,78.0
CELL_03377,26.75,78.25
CELL_03378,26.75,78.5
CELL_03379,26.75,78.75
CELL_03380,26.75,79.0
CELL_03381,26.75,79.25
CELL_03382,26.75,79.5
CELL_03383,26.75,79.75
CELL_03384,26.75,80.0
CELL_03385,26.75,80.25
CELL_03386,26.75,80.5
CELL_03387,26.75,80.75
CELL_03388,26.75,81.0
CELL_03389,26.75,81.25
CELL_03390,26.75,81.5
CELL_03391,26.75,81.75
CELL_03392,26.75,82.0
CELL_03393,26.75,82.25
CELL_03394,26.75,82.5
CELL_03395,26.75,82.75
CELL_03396,26.75,83.0
CELL_03397,26.75,83.25
CELL_03398,26.75,83.5
CELL_03399,26.75,83.75
CELL_03400,26.75,84.0
CELL_03401,26.75,84.25
CELL_03402,26.75,84.5
CELL_03403,26.75,84.75
CELL_03404,26.75,85.0
CELL_03405,26.75,85.25
CELL_03406,26.75,85.5
CELL_03407,26.75,88.25
CELL_03408,26.75,88.5
CELL_03409,26.75,88.75
CELL_03410,26.75,89.0
CELL_03411,26.75,89.25
CELL_03412,26.75,89.5
CELL_03413,26.75,90.25
CELL_03414,26.75,90.5
CELL_03415,26.75,90.75
CELL_03416,26.75,91.0
CELL_03417,26.75,91.25
CELL_03418,26.75,91.5
CELL_03419,26.75,91.75
CELL_03420,26.75,92.0
CELL_03421,26.75,92.25
CELL_03422,26.75,92.5
CELL_03423,26.75,92.75
CELL_03424,26.75,93.0
CELL_03425,26.75,93.25
CELL_03426,26.75,93.5
CELL_03427,26.75,93.75
CELL_03428,26.75,94.0
CELL_03429,26.75,94.25
CELL_03430,26.75,94.5
CELL_03431,26.75,94.75
CELL_03432,26.75,95.0
CELL_03433,26.75,95.25
CELL_03434,27.0,69.75
CELL_03435,27.0,70.0
CELL_03436,27.0,70.25
CELL_03437,27.0,70.5
CELL_03438,27.0,70.75
CELL_03439,27.0,71.0
CELL_03440,27.0,71.25
CELL_03441,27.0,71.5
CELL_03442,27.0,71.75
CELL_03443,27.0,72.0
CELL_03444,27.0,72.25
CELL_03445,27.0,72.5
CELL_03446,27.0,72.75
CELL_03447,27.0,73.0
CELL_03448,27.0,73.25
CELL_03449,27.0,73.5
CELL_03450,27.0,73.75
CELL_03451,27.0,74.0
CELL_03452,27.0,74.25
CELL_03453,27.0,74.5
CELL_03454,27.0,74.75
CELL_03455,27.0,75.0
CELL_03456,27.0,75.25
CELL_03457,27.0,75.5
CELL_03458,27.0,75.75
CELL_03459,27.0,76.0
CELL_03460,27.0,76.25
CELL_03461,27.0,76.5
CELL_03462,27.0,76.75
CELL_03463,27.0,77.0
CELL_03464,27.0,77.25
CELL_03465,27.0,77.5
CELL_03466,27.0,77.75
CELL_03467,27.0,78.0
CELL_03468,27.0,78.25
CELL_03469,27.0,78.5
CELL_03470,27.0,78.75
CELL_03471,27.0,79.0
CELL_03472,27.0,79.25
CELL_03473,27.0,79.5
CELL_03474,27.0,79.75
CELL_03475,27.0,80.0
CELL_03476,27.0,80.25
CELL_03477,27.0,80.5
CELL_03478,27.0,80.75
CELL_03479,27.0,81.0
CELL_03480,27.0,81.25
CELL_03481,27.0,81.5
CELL_03482,27.0,81.75
CELL_03483,27.0,82.0
CELL_03484,27.0,82.25
CELL_03485,27.0,82.5
CELL_03486,27.0,82.75
CELL_03487,27.0,83.0
CELL_03488,27.0,83.25
CELL_03489,27.0,83.5
CELL_03490,27.0,83.75
CELL_03491,27.0,84.0
CELL_03492,27.0,84.25
CELL_03493,27.0,84.5
CELL_03494,27.0,84.75
CELL_03495,27.0,88.25
CELL_03496,27.0,88.5
CELL_03497,27.0,88.75
CELL_03498,27.0,92.25
CELL_03499,27.0,92.5
CELL_03500,27.0,92.75
CELL_03501,27.0,93.0
CELL_03502,27.0,93.25
CELL_03503,27.0,93.5
CELL_03504,27.0,93.75
CELL_03505,27.0,94.0
CELL_03506,27.0,94.25
CELL_03507,27.0,94.5
CELL_03508,27.0,94.75
CELL_03509,27.0,95.0
CELL_03510,27.0,95.25
CELL_03511,27.0,95.5
CELL_03512,27.0,95.75
CELL_03513,27.25,69.75
CELL_03514,27.25,70.0
CELL_03515,27.25,70.25
CELL_03516,27.25,70.5
CELL_03517,27.25,70.75
CELL_03518,27.25,71.0
CELL_03519,27.25,71.25
CELL_03520,27.25,71.5
CELL_03521,27.25,71.75
CELL_03522,27.25,72.0
CELL_03523,27.25,72.25
CELL_03524,27.25,72.5
CELL_03525,27.25,72.75
CELL_03526,27.25,73.0
CELL_03527,27.25,73.25
CELL_03528,27.25,73.5
CELL_03529,27.25,73.75
CELL_03530,27.25,74.0
CELL_03531,27.25,74.25
CELL_03532,27.25,74.5
CELL_03533,27.25,74.75
CELL_03534,27.25,75.0
CELL_03535,27.25,75.25
CELL_03536,27.25,75.5
CELL_03537,27.25,75.75
CELL_03538,27.25,76.0
CELL_03539,27.25,76.25
CELL_03540,27.25,76.5
CELL_03541,27.25,76.75
CELL_03542,27.25,77.0
CELL_03543,27.25,77.25
CELL_03544,27.25,77.5
CELL_03545,27.25,77.75
CELL_03546,27.25,78.0
CELL_03547,27.25,78.25
CELL_03548,27.25,78.5
CELL_03549,27.25,78.75
CELL_03550,27.25,79.0
CELL_03551,27.25,79.25
CELL_03552,27.25,79.5
CELL_03553,27.25,79.75
CELL_03554,27.25,80.0
CELL_03555,27.25,80.25
CELL_03556,27.25,80.5
CELL_03557,27.25,80.75
CELL_03558,27.25,81.0
CELL_03559,27.25,81.25
CELL_03560,27.25,81.5
CELL_03561,27.25,81.75
CELL_03562,27.25,82.0
CELL_03563,27.25,82.25
CELL_03564,27.25,82.5
CELL_03565,27.25,82.75
CELL_03566,27.25,83.0
CELL_03567,27.25,83.25
CELL_03568,27.25,83.5
CELL_03569,27.25,83.75
CELL_03570,27.25,84.0
CELL_03571,27.25,84.25
CELL_03572,27.25,84.5
CELL_03573,27.25,88.25
CELL_03574,27.25,88.5
CELL_03575,27.25,88.75
CELL_03576,27.25,92.25
CELL_03577,27.25,92.5
CELL_03578,27.25,92.75
CELL_03579,27.25,93.0
CELL_03580,27.25,93.25
CELL_03581,27.25,93.5
CELL_03582,27.25,93.75
CELL_03583,27.25,94.0
CELL_03584,27.25,94.25
CELL_03585,27.25,94.5
CELL_03586,27.25,94.75
CELL_03587,27.25,95.0
CELL_03588,27.25,95.25
CELL_03589,27.25,95.5
CELL_03590,27.25,95.75
CELL_03591,27.25,96.0
CELL_03592,27.25,97.0
CELL_03593,27.5,70.0
CELL_03594,27.5,70.25
CELL_03595,27.5,70.5
CELL_03596,27.5,70.75
CELL_03597,27.5,71.0
CELL_03598,27.5,71.25
CELL_03599,27.5,71.5
CELL_03600,27.5,71.75
CELL_03601,27.5,72.0
CELL_03602,27.5,72.25
CELL_03603,27.5,72.5
CELL_03604,27.5,72.75
CELL_03605,27.5,73.0
CELL_03606,27.5,73.25
CELL_03607,27.5,73.5
CELL_03608,27.5,73.75
CELL_03609,27.5,74.0
CELL_03610,27.5,74.25
CELL_03611,27.5,74.5
CELL_03612,27.5,74.75
CELL_03613,27.5,75.0
CELL_03614,27.5,75.25
CELL_03615,27.5,75.5
CELL_03616,27.5,75.75
CELL_03617,27.5,76.0
CELL_03618,27.5,76.25
CELL_03619,27.5,76.5
CELL_03620,27.5,76.75
CELL_03621,27.5,77.0
CELL_03622,27.5,77.25
CELL_03623,27.5,77.5
CELL_03624,27.5,77.75
CELL_03625,27.5,78.0
CELL_03626,27.5,78.25
CELL_03627,27.5,78.5
CELL_03628,27.5,78.75
CELL_03629,27.5,79.0
CELL_03630,27.5,79.25
CELL_03631,27.5,79.5
CELL_03632,27.5,79.75
CELL_03633,27.5,80.0
CELL_03634,27.5,80.25
CELL_03635,27.5,80.5
CELL_03636,27.5,80.75
CELL_03637,27.5,81.0
CELL_03638,27.5,81.25
CELL_03639,27.5,81.5
CELL_03640,27.5,81.75
CELL_03641,27.5,82.0
CELL_03642,27.5,82.25
CELL_03643,27.5,82.5
CELL_03644,27.5,82.75
CELL_03645,27.5,88.25
CELL_03646,27.5,88.5
CELL_03647,27.5,88.75
CELL_03648,27.5,91.75
CELL_03649,27.5,92.0
CELL_03650,27.5,92.25
CELL_03651,27.5,92.5
CELL_03652,27.5,92.75
CELL_03653,27.5,93.0
CELL_03654,27.5,93.25
CELL_03655,27.5,93.5
CELL_03656,27.5,93.75
CELL_03657,27.5,94.0
CELL_03658,27.5,94.25
CELL_03659,27.5,94.5
CELL_03660,27.5,94.75
CELL_03661,27.5,95.0
CELL_03662,27.5,95.25
CELL_03663,27.5,95.5
CELL_03664,27.5,95.75
CELL_03665,27.5,96.0
CELL_03666,27.5,96.25
CELL_03667,27.5,96.5
CELL_03668,27.5,96.75
CELL_03669,27.75,70.25
CELL_03670,27.75,70.5
CELL_03671,27.75,71.0
CELL_03672,27.75,71.25
CELL_03673,27.75,71.5
CELL_03674,27.75,71.75
CELL_03675,27.75,72.0
CELL_03676,27.75,72.25
CELL_03677,27.75,72.5
CELL_03678,27.75,72.75
CELL_03679,27.75,73.0
CELL_03680,27.75,73.25
CELL_03681,27.75,73.5
CELL_03682,27.75,73.75
CELL_03683,27.75,74.0
CELL_03684,27.75,74.25
CELL_03685,27.75,74.5
CELL_03686,27.75,74.75
CELL_03687,27.75,75.0
CELL_03688,27.75,75.25
CELL_03689,27.75,75.5
CELL_03690,27.75,75.75
CELL_03691,27.75,76.0
CELL_03692,27.75,76.25
CELL_03693,27.75,76.5
CELL_03694,27.75,76.75
CELL_03695,27.75,77.0
CELL_03696,27.75,77.25
CELL_03697,27.75,77.5
CELL_03698,27.75,77.75
CELL_03699,27.75,78.0
CELL_03700,27.75,78.25
CELL_03701,27.75,78.5
CELL_03702,27.75,78.75
CELL_03703,27.75,79.0
CELL_03704,27.75,79.25
CELL_03705,27.75,79.5
CELL_03706,27.75,79.75
CELL_03707,27.75,80.0
CELL_03708,27.75,80.25
CELL_03709,27.75,80.5
CELL_03710,27.75,80.75
CELL_03711,27.75,81.0
CELL_03712,27.75,81.25
CELL_03713,27.75,81.5
CELL_03714,27.75,81.75
CELL_03715,27.75,82.0
CELL_03716,27.75,82.25
CELL_03717,27.75,88.25
CELL_03718,27.75,88.5
CELL_03719,27.75,88.75
CELL_03720,27.75,91.75
CELL_03721,27.75,92.0
CELL_03722,27.75,92.25
CELL_03723,27.75,92.5
CELL_03724,27.75,92.75
CELL_03725,27.75,93.0
CELL_03726,27.75,93.25
CELL_03727,27.75,93.5
CELL_03728,27.75,93.75
CELL_03729,27.75,94.0
CELL_03730,27.75,94.25
CELL_03731,27.75,94.5
CELL_03732,27.75,94.75
CELL_03733,27.75,95.0
CELL_03734,27.75,95.25
CELL_03735,27.75,95.5
CELL_03736,27.75,95.75
CELL_03737,27.75,96.0
CELL_03738,27.75,96.25
CELL_03739,27.75,96.5
CELL_03740,27.75,96.75
CELL_03741,27.75,97.0
CELL_03742,28.0,70.5
CELL_03743,28.0,72.0
CELL_03744,28.0,72.25
CELL_03745,28.0,72.5
CELL_03746,28.0,72.75
CELL_03747,28.0,73.0
CELL_03748,28.0,73.25
CELL_03749,28.0,73.5
CELL_03750,28.0,73.75
CELL_03751,28.0,74.0
CELL_03752,28.0,74.25
CELL_03753,28.0,74.5
CELL_03754,28.0,74.75
CELL_03755,28.0,75.0
CELL_03756,28.0,75.25
CELL_03757,28.0,75.5
CELL_03758,28.0,75.75
CELL_03759,28.0,76.0
CELL_03760,28.0,76.25
CELL_03761,28.0,76.5
CELL_03762,28.0,76.75
CELL_03763,28.0,77.0
CELL_03764,28.0,77.25
CELL_03765,28.0,77.5
CELL_03766,28.0,77.75
CELL_03767,28.0,78.0
CELL_03768,28.0,78.25
CELL_03769,28.0,78.5
CELL_03770,28.0,78.75
CELL_03771,28.0,79.0
CELL_03772,28.0,79.25
CELL_03773,28.0,79.5
CELL_03774,28.0,79.75
CELL_03775,28.0,80.0
CELL_03776,28.0,80.25
CELL_03777,28.0,80.5
CELL_03778,28.0,80.75
CELL_03779,28.0,81.0
CELL_03780,28.0,81.25
CELL_03781,28.0,81.5
CELL_03782,28.0,88.5
CELL_03783,28.0,88.75
CELL_03784,28.0,92.75
CELL_03785,28.0,93.0
CELL_03786,28.0,93.25
CELL_03787,28.0,93.5
CELL_03788,28.0,93.75
CELL_03789,28.0,94.0
CELL_03790,28.0,94.25
CELL_03791,28.0,94.5
CELL_03792,28.0,94.75
CELL_03793,28.0,95.0
CELL_03794,28.0,95.25
CELL_03795,28.0,95.5
CELL_03796,28.0,95.75
CELL_03797,28.0,96.0
CELL_03798,28.0,96.25
CELL_03799,28.0,96.5
CELL_03800,28.0,96.75
CELL_03801,28.0,97.0
CELL_03802,28.0,97.25
CELL_03803,28.25,72.25
CELL_03804,28.25,72.5
CELL_03805,28.25,72.75
CELL_03806,28.25,73.0
CELL_03807,28.25,73.25
CELL_03808,28.25,73.5
CELL_03809,28.25,73.75
CELL_03810,28.25,74.0
CELL_03811,28.25,74.25
CELL_03812,28.25,74.5
CELL_03813,28.25,74.75
CELL_03814,28.25,75.0
CELL_03815,28.25,75.25
CELL_03816,28.25,75.5
CELL_03817,28.25,75.75
CELL_03818,28.25,76.0
CELL_03819,28.25,76.25
CELL_03820,28.25,76.5
CELL_03821,28.25,76.75
CELL_03822,28.25,77.0
CELL_03823,28.25,77.25
CELL_03824,28.25,77.5
CELL_03825,28.25,77.75
CELL_03826,28.25,78.0
CELL_03827,28.25,78.25
CELL_03828,28.25,78.5
CELL_03829,28.25,78.75
CELL_03830,28.25,79.0
CELL_03831,28.25,79.25
CELL_03832,28.25,79.5
CELL_03833,28.25,79.75
CELL_03834,28.25,80.0
CELL_03835,28.25,80.25
CELL_03836,28.25,80.5
CELL_03837,28.25,80.75
CELL_03838,28.25,81.0
CELL_03839,28.25,81.25
CELL_03840,28.25,93.25
CELL_03841,28.25,93.5
CELL_03842,28.25,93.75
CELL_03843,28.25,94.0
CELL_03844,28.25,94.25
CELL_03845,28.25,94.5
CELL_03846,28.25,94.75
CELL_03847,28.25,95.0
CELL_03848,28.25,95.25
CELL_03849,28.25,95.5
CELL_03850,28.25,95.75
CELL_03851,28.25,96.0
CELL_03852,28.25,96.25
CELL_03853,28.25,96.5
CELL_03854,28.25,96.75
CELL_03855,28.25,97.0
CELL_03856,28.25,97.25
CELL_03857,28.5,72.25
CELL_03858,28.5,72.5
CELL_03859,28.5,72.75
CELL_03860,28.5,73.0
CELL_03861,28.5,73.25
CELL_03862,28.5,73.5
CELL_03863,28.5,73.75
CELL_03864,28.5,74.0
CELL_03865,28.5,74.25
CELL_03866,28.5,74.5
CELL_03867,28.5,74.75
CELL_03868,28.5,75.0
CELL_03869,28.5,75.25
CELL_03870,28.5,75.5
CELL_03871,28.5,75.75
CELL_03872,28.5,76.0
CELL_03873,28.5,76.25
CELL_03874,28.5,76.5
CELL_03875,28.5,76.75
CELL_03876,28.5,77.0
CELL_03877,28.5,77.25
CELL_03878,28.5,77.5
CELL_03879,28.5,77.75
CELL_03880,28.5,78.0
CELL_03881,28.5,78.25
CELL_03882,28.5,78.5
CELL_03883,28.5,78.75
CELL_03884,28.5,79.0
CELL_03885,28.5,79.25
CELL_03886,28.5,79.5
CELL_03887,28.5,79.75
CELL_03888,28.5,80.0
CELL_03889,28.5,80.25
CELL_03890,28.5,80.5
CELL_03891,28.5,80.75
CELL_03892,28.5,93.5
CELL_03893,28.5,93.75
CELL_03894,28.5,94.0
CELL_03895,28.5,94.25
CELL_03896,28.5,94.5
CELL_03897,28.5,94.75
CELL_03898,28.5,95.0
CELL_03899,28.5,95.25
CELL_03900,28.5,95.5
CELL_03901,28.5,95.75
CELL_03902,28.5,96.0
CELL_03903,28.5,96.25
CELL_03904,28.75,72.5
CELL_03905,28.75,72.75
CELL_03906,28.75,73.0
CELL_03907,28.75,73.25
CELL_03908,28.75,73.5
CELL_03909,28.75,73.75
CELL_03910,28.75,74.0
CELL_03911,28.75,74.25
CELL_03912,28.75,74.5
CELL_03913,28.75,74.75
CELL_03914,28.75,75.0
CELL_03915,28.75,75.25
CELL_03916,28.75,75.5
CELL_03917,28.75,75.75
CELL_03918,28.75,76.0
CELL_03919,28.75,76.25
CELL_03920,28.75,76.5
CELL_03921,28.75,76.75
CELL_03922,28.75,77.0
CELL_03923,28.75,77.25
CELL_03924,28.75,77.5
CELL_03925,28.75,77.75
CELL_03926,28.75,78.0
CELL_03927,28.75,78.25
CELL_03928,28.75,78.5
CELL_03929,28.75,78.75
CELL_03930,28.75,79.0
CELL_03931,28.75,79.25
CELL_03932,28.75,79.5
CELL_03933,28.75,79.75
CELL_03934,28.75,80.0
CELL_03935,28.75,80.25
CELL_03936,28.75,94.0
CELL_03937,28.75,94.25
CELL_03938,28.75,94.5
CELL_03939,28.75,94.75
CELL_03940,28.75,95.0
CELL_03941,28.75,95.25
CELL_03942,28.75,95.5
CELL_03943,28.75,95.75
CELL_03944,28.75,96.0
CELL_03945,28.75,96.25
CELL_03946,28.75,96.5
CELL_03947,29.0,73.0
CELL_03948,29.0,73.25
CELL_03949,29.0,73.5
CELL_03950,29.0,73.75
CELL_03951,29.0,74.0
CELL_03952,29.0,74.25
CELL_03953,29.0,74.5
CELL_03954,29.0,74.75
CELL_03955,29.0,75.0
CELL_03956,29.0,75.25
CELL_03957,29.0,75.5
CELL_03958,29.0,75.75
CELL_03959,29.0,76.0
CELL_03960,29.0,76.25
CELL_03961,29.0,76.5
CELL_03962,29.0,76.75
CELL_03963,29.0,77.0
CELL_03964,29.0,77.25
CELL_03965,29.0,77.5
CELL_03966,29.0,77.75
CELL_03967,29.0,78.0
CELL_03968,29.0,78.25
CELL_03969,29.0,78.5
CELL_03970,29.0,78.75
CELL_03971,29.0,79.0
CELL_03972,29.0,79.25
CELL_03973,29.0,79.5
CELL_03974,29.0,79.75
CELL_03975,29.0,80.0
CELL_03976,29.0,94.25
CELL_03977,29.0,94.5
CELL_03978,29.0,94.75
CELL_03979,29.0,95.0
CELL_03980,29.0,95.25
CELL_03981,29.0,95.5
CELL_03982,29.0,95.75
CELL_03983,29.0,96.0
CELL_03984,29.25,73.25
CELL_03985,29.25,73.5
CELL_03986,29.25,73.75
CELL_03987,29.25,74.0
CELL_03988,29.25,74.25
CELL_03989,29.25,74.5
CELL_03990,29.25,74.75
CELL_03991,29.25,75.0
CELL_03992,29.25,75.25
CELL_03993,29.25,75.5
CELL_03994,29.25,75.75
CELL_03995,29.25,76.0
CELL_03996,29.25,76.25
CELL_03997,29.25,76.5
CELL_03998,29.25,76.75
CELL_03999,29.25,77.0
CELL_04000,29.25,77.25
CELL_04001,29.25,77.5
CELL_04002,29.25,77.75
CELL_04003,29.25,78.0
CELL_04004,29.25,78.25
CELL_04005,29.25,78.5
CELL_04006,29.25,78.75
CELL_04007,29.25,79.0
CELL_04008,29.25,79.25
CELL_04009,29.25,79.5
CELL_04010,29.25,79.75
CELL_04011,29.25,80.0
CELL_04012,29.25,80.25
CELL_04013,29.25,94.75
CELL_04014,29.25,95.75
CELL_04015,29.25,96.0
CELL_04016,29.5,73.25
CELL_04017,29.5,73.5
CELL_04018,29.5,73.75
CELL_04019,29.5,74.0
CELL_04020,29.5,74.25
CELL_04021,29.5,74.5
CELL_04022,29.5,74.75
CELL_04023,29.5,75.0
CELL_04024,29.5,75.25
CELL_04025,29.5,75.5
CELL_04026,29.5,75.75
CELL_04027,29.5,76.0
CELL_04028,29.5,76.25
CELL_04029,29.5,76.5
CELL_04030,29.5,76.75
CELL_04031,29.5,77.0
CELL_04032,29.5,77.25
CELL_04033,29.5,77.5
CELL_04034,29.5,77.75
CELL_04035,29.5,78.0
CELL_04036,29.5,78.25
CELL_04037,29.5,78.5
CELL_04038,29.5,78.75
CELL_04039,29.5,79.0
CELL_04040,29.5,79.25
CELL_04041,29.5,79.5
CELL_04042,29.5,79.75
CELL_04043,29.5,80.0
CELL_04044,29.5,80.25
CELL_04045,29.75,73.5
CELL_04046,29.75,73.75
CELL_04047,29.75,74.0
CELL_04048,29.75,74.25
CELL_04049,29.75,74.5
CELL_04050,29.75,74.75
CELL_04051,29.75,75.0
CELL_04052,29.75,75.25
CELL_04053,29.75,75.5
CELL_04054,29.75,75.75
CELL_04055,29.75,76.0
CELL_04056,29.75,76.25
CELL_04057,29.75,76.5
CELL_04058,29.75,76.75
CELL_04059,29.75,77.0
CELL_04060,29.75,77.25
CELL_04061,29.75,77.5
CELL_04062,29.75,77.75
CELL_04063,29.75,78.0
CELL_04064,29.75,78.25
CELL_04065,29.75,78.5
CELL_04066,29.75,78.75
CELL_04067,29.75,79.0
CELL_04068,29.75,79.25
CELL_04069,29.75,79.5
CELL_04070,29.75,79.75
CELL_04071,29.75,80.0
CELL_04072,29.75,80.25
CELL_04073,30.0,73.75
CELL_04074,30.0,74.0
CELL_04075,30.0,74.25
CELL_04076,30.0,74.5
CELL_04077,30.0,74.75
CELL_04078,30.0,75.0
CELL_04079,30.0,75.25
CELL_04080,30.0,75.5
CELL_04081,30.0,75.75
CELL_04082,30.0,76.0
CELL_04083,30.0,76.25
CELL_04084,30.0,76.5
CELL_04085,30.0,76.75
CELL_04086,30.0,77.0
CELL_04087,30.0,77.25
CELL_04088,30.0,77.5
CELL_04089,30.0,77.75
CELL_04090,30.0,78.0
CELL_04091,30.0,78.25
CELL_04092,30.0,78.5
CELL_04093,30.0,78.75
CELL_04094,30.0,79.0
CELL_04095,30.0,79.25
CELL_04096,30.0,79.5
CELL_04097,30.0,79.75
CELL_04098,30.0,80.0
CELL_04099,30.0,80.25
CELL_04100,30.0,80.5
CELL_04101,30.25,74.0
CELL_04102,30.25,74.25
CELL_04103,30.25,74.5
CELL_04104,30.25,74.75
CELL_04105,30.25,75.0
CELL_04106,30.25,75.25
CELL_04107,30.25,75.5
CELL_04108,30.25,75.75
CELL_04109,30.25,76.0
CELL_04110,30.25,76.25
CELL_04111,30.25,76.5
CELL_04112,30.25,76.75
CELL_04113,30.25,77.0
CELL_04114,30.25,77.25
CELL_04115,30.25,77.5
CELL_04116,30.25,77.75
CELL_04117,30.25,78.0
CELL_04118,30.25,78.25
CELL_04119,30.25,78.5
CELL_04120,30.25,78.75
CELL_04121,30.25,79.0
CELL_04122,30.25,79.25
CELL_04123,30.25,79.5
CELL_04124,30.25,79.75
CELL_04125,30.25,80.0
CELL_04126,30.25,80.25
CELL_04127,30.25,80.5
CELL_04128,30.25,80.75
CELL_04129,30.25,81.0
CELL_04130,30.5,74.0
CELL_04131,30.5,74.25
CELL_04132,30.5,74.5
CELL_04133,30.5,74.75
CELL_04134,30.5,75.0
CELL_04135,30.5,75.25
CELL_04136,30.5,75.5
CELL_04137,30.5,75.75
CELL_04138,30.5,76.0
CELL_04139,30.5,76.25
CELL_04140,30.5,76.5
CELL_04141,30.5,76.75
CELL_04142,30.5,77.0
CELL_04143,30.5,77.25
CELL_04144,30.5,77.5
CELL_04145,30.5,77.75
CELL_04146,30.5,78.0
CELL_04147,30.5,78.25
CELL_04148,30.5,78.5
CELL_04149,30.5,78.75
CELL_04150,30.5,79.0
CELL_04151,30.5,79.25
CELL_04152,30.5,79.5
CELL_04153,30.5,79.75
CELL_04154,30.5,80.0
CELL_04155,30.5,80.25
CELL_04156,30.75,74.5
CELL_04157,30.75,74.75
CELL_04158,30.75,75.0
CELL_04159,30.75,75.25
CELL_04160,30.75,75.5
CELL_04161,30.75,75.75
CELL_04162,30.75,76.0
CELL_04163,30.75,76.25
CELL_04164,30.75,76.5
CELL_04165,30.75,76.75
CELL_04166,30.75,77.0
CELL_04167,30.75,77.25
CELL_04168,30.75,77.5
CELL_04169,30.75,77.75
CELL_04170,30.75,78.0
CELL_04171,30.75,78.25
CELL_04172,30.75,78.5
CELL_04173,30.75,78.75
CELL_04174,30.75,79.0
CELL_04175,30.75,79.25
CELL_04176,30.75,79.5
CELL_04177,30.75,79.75
CELL_04178,30.75,80.0
CELL_04179,31.0,74.75
CELL_04180,31.0,75.0
CELL_04181,31.0,75.25
CELL_04182,31.0,75.5
CELL_04183,31.0,75.75
CELL_04184,31.0,76.0
CELL_04185,31.0,76.25
CELL_04186,31.0,76.5
CELL_04187,31.0,76.75
CELL_04188,31.0,77.0
CELL_04189,31.0,77.25
CELL_04190,31.0,77.5
CELL_04191,31.0,77.75
CELL_04192,31.0,78.0
CELL_04193,31.0,78.25
CELL_04194,31.0,78.5
CELL_04195,31.0,78.75
CELL_04196,31.0,79.0
CELL_04197,31.0,79.25
CELL_04198,31.0,79.5
CELL_04199,31.25,74.75
CELL_04200,31.25,75.0
CELL_04201,31.25,75.25
CELL_04202,31.25,75.5
CELL_04203,31.25,75.75
CELL_04204,31.25,76.0
CELL_04205,31.25,76.25
CELL_04206,31.25,76.5
CELL_04207,31.25,76.75
CELL_04208,31.25,77.0
CELL_04209,31.25,77.25
CELL_04210,31.25,77.5
CELL_04211,31.25,77.75
CELL_04212,31.25,78.0
CELL_04213,31.25,78.25
CELL_04214,31.25,78.5
CELL_04215,31.25,78.75
CELL_04216,31.25,79.0
CELL_04217,31.5,74.75
CELL_04218,31.5,75.0
CELL_04219,31.5,75.25
CELL_04220,31.5,75.5
CELL_04221,31.5,75.75
CELL_04222,31.5,76.0
CELL_04223,31.5,76.25
CELL_04224,31.5,76.5
CELL_04225,31.5,76.75
CELL_04226,31.5,77.0
CELL_04227,31.5,77.25
CELL_04228,31.5,77.5
CELL_04229,31.5,77.75
CELL_04230,31.5,78.0
CELL_04231,31.5,78.25
CELL_04232,31.5,78.5
CELL_04233,31.75,74.75
CELL_04234,31.75,75.0
CELL_04235,31.75,75.25
CELL_04236,31.75,75.5
CELL_04237,31.75,75.75
CELL_04238,31.75,76.0
CELL_04239,31.75,76.25
CELL_04240,31.75,76.5
CELL_04241,31.75,76.75
CELL_04242,31.75,77.0
CELL_04243,31.75,77.25
CELL_04244,31.75,77.5
CELL_04245,31.75,77.75
CELL_04246,31.75,78.0
CELL_04247,31.75,78.25
CELL_04248,31.75,78.5
CELL_04249,32.0,75.0
CELL_04250,32.0,75.25
CELL_04251,32.0,75.5
CELL_04252,32.0,75.75
CELL_04253,32.0,76.0
CELL_04254,32.0,76.25
CELL_04255,32.0,76.5
CELL_04256,32.0,76.75
CELL_04257,32.0,77.0
CELL_04258,32.0,77.25
CELL_04259,32.0,77.5
CELL_04260,32.0,77.75
CELL_04261,32.0,78.0
CELL_04262,32.0,78.25
CELL_04263,32.0,78.5
CELL_04264,32.0,78.75
CELL_04265,32.25,75.5
CELL_04266,32.25,75.75
CELL_04267,32.25,76.0
CELL_04268,32.25,76.25
CELL_04269,32.25,76.5
CELL_04270,32.25,76.75
CELL_04271,32.25,77.0
CELL_04272,32.25,77.25
CELL_04273,32.25,77.5
CELL_04274,32.25,77.75
CELL_04275,32.25,78.0
CELL_04276,32.25,78.25
CELL_04277,32.5,74.75
CELL_04278,32.5,75.0
CELL_04279,32.5,75.25
CELL_04280,32.5,75.5
CELL_04281,32.5,75.75
CELL_04282,32.5,76.0
CELL_04283,32.5,76.25
CELL_04284,32.5,76.5
CELL_04285,32.5,76.75
CELL_04286,32.5,77.0
CELL_04287,32.5,77.25
CELL_04288,32.5,77.5
CELL_04289,32.5,77.75
CELL_04290,32.5,78.0
CELL_04291,32.5,78.25
CELL_04292,32.5,79.0
CELL_04293,32.75,74.5
CELL_04294,32.75,74.75
CELL_04295,32.75,75.0
CELL_04296,32.75,75.25
CELL_04297,32.75,75.5
CELL_04298,32.75,75.75
CELL_04299,32.75,76.0
CELL_04300,32.75,76.25
CELL_04301,32.75,76.5
CELL_04302,32.75,76.75
CELL_04303,32.75,77.0
CELL_04304,32.75,77.25
CELL_04305,32.75,77.5
CELL_04306,32.75,77.75
CELL_04307,32.75,78.0
CELL_04308,32.75,78.25
CELL_04309,32.75,78.5
CELL_04310,32.75,78.75
CELL_04311,32.75,79.0
CELL_04312,32.75,79.25
CELL_04313,32.75,79.5
CELL_04314,33.0,74.0
CELL_04315,33.0,74.25
CELL_04316,33.0,74.5
CELL_04317,33.0,74.75
CELL_04318,33.0,75.0
CELL_04319,33.0,75.25
CELL_04320,33.0,75.5
CELL_04321,33.0,75.75
CELL_04322,33.0,76.0
CELL_04323,33.0,76.25
CELL_04324,33.0,76.5
CELL_04325,33.0,76.75
CELL_04326,33.0,77.0
CELL_04327,33.0,77.25
CELL_04328,33.0,77.5
CELL_04329,33.0,77.75
CELL_04330,33.0,78.0
CELL_04331,33.0,78.25
CELL_04332,33.0,78.5
CELL_04333,33.0,78.75
CELL_04334,33.0,79.0
CELL_04335,33.0,79.25
CELL_04336,33.25,73.75
CELL_04337,33.25,74.0
CELL_04338,33.25,74.25
CELL_04339,33.25,74.5
CELL_04340,33.25,74.75
CELL_04341,33.25,75.0
CELL_04342,33.25,75.25
CELL_04343,33.25,75.5
CELL_04344,33.25,75.75
CELL_04345,33.25,76.0
CELL_04346,33.25,76.25
CELL_04347,33.25,76.5
CELL_04348,33.25,76.75
CELL_04349,33.25,77.0
CELL_04350,33.25,77.25
CELL_04351,33.25,77.5
CELL_04352,33.25,77.75
CELL_04353,33.25,78.0
CELL_04354,33.25,78.25
CELL_04355,33.25,78.5
CELL_04356,33.25,78.75
CELL_04357,33.25,79.0
CELL_04358,33.25,79.25
CELL_04359,33.5,73.75
CELL_04360,33.5,74.0
CELL_04361,33.5,74.25
CELL_04362,33.5,74.5
CELL_04363,33.5,74.75
CELL_04364,33.5,75.0
CELL_04365,33.5,75.25
CELL_04366,33.5,75.5
CELL_04367,33.5,75.75
CELL_04368,33.5,76.0
CELL_04369,33.5,76.25
CELL_04370,33.5,76.5
CELL_04371,33.5,76.75
CELL_04372,33.5,77.0
CELL_04373,33.5,77.25
CELL_04374,33.5,77.5
CELL_04375,33.5,77.75
CELL_04376,33.5,78.0
CELL_04377,33.5,78.25
CELL_04378,33.5,78.5
CELL_04379,33.5,78.75
CELL_04380,33.75,73.75
CELL_04381,33.75,74.0
CELL_04382,33.75,74.25
CELL_04383,33.75,74.5
CELL_04384,33.75,74.75
CELL_04385,33.75,75.0
CELL_04386,33.75,75.25
CELL_04387,33.75,75.5
CELL_04388,33.75,75.75
CELL_04389,33.75,76.0
CELL_04390,33.75,76.25
CELL_04391,33.75,76.5
CELL_04392,33.75,76.75
CELL_04393,33.75,77.0
CELL_04394,33.75,77.25
CELL_04395,33.75,77.5
CELL_04396,33.75,77.75
CELL_04397,33.75,78.0
CELL_04398,33.75,78.25
CELL_04399,33.75,78.5
CELL_04400,33.75,78.75
CELL_04401,33.75,79.0
CELL_04402,34.0,73.75
CELL_04403,34.0,74.0
CELL_04404,34.0,74.25
CELL_04405,34.0,74.5
CELL_04406,34.0,74.75
CELL_04407,34.0,75.0
CELL_04408,34.0,75.25
CELL_04409,34.0,75.5
CELL_04410,34.0,75.75
CELL_04411,34.0,76.0
CELL_04412,34.0,76.25
CELL_04413,34.0,76.5
CELL_04414,34.0,76.75
CELL_04415,34.0,77.0
CELL_04416,34.0,77.25
CELL_04417,34.0,77.5
CELL_04418,34.0,77.75
CELL_04419,34.0,78.0
CELL_04420,34.0,78.25
CELL_04421,34.0,78.5
CELL_04422,34.0,78.75
CELL_04423,34.25,73.5
CELL_04424,34.25,73.75
CELL_04425,34.25,74.0
CELL_04426,34.25,74.25
CELL_04427,34.25,74.5
CELL_04428,34.25,74.75
CELL_04429,34.25,75.0
CELL_04430,34.25,75.25
CELL_04431,34.25,75.5
CELL_04432,34.25,75.75
CELL_04433,34.25,76.0
CELL_04434,34.25,76.25
CELL_04435,34.25,76.5
CELL_04436,34.25,76.75
CELL_04437,34.25,77.0
CELL_04438,34.25,77.25
CELL_04439,34.25,77.5
CELL_04440,34.25,77.75
CELL_04441,34.25,78.0
CELL_04442,34.25,78.25
CELL_04443,34.25,78.5
CELL_04444,34.25,78.75
CELL_04445,34.25,79.0
CELL_04446,34.25,79.25
CELL_04447,34.25,79.5
CELL_04448,34.5,73.5
CELL_04449,34.5,73.75
CELL_04450,34.5,74.0
CELL_04451,34.5,74.25
CELL_04452,34.5,74.5
CELL_04453,34.5,74.75
CELL_04454,34.5,75.0
CELL_04455,34.5,75.25
CELL_04456,34.5,75.5
CELL_04457,34.5,75.75
CELL_04458,34.5,76.0
CELL_04459,34.5,76.25
CELL_04460,34.5,76.5
CELL_04461,34.5,76.75
CELL_04462,34.5,77.0
CELL_04463,34.5,77.25
CELL_04464,34.5,77.5
CELL_04465,34.5,77.75
CELL_04466,34.5,78.0
CELL_04467,34.5,78.25
CELL_04468,34.5,78.5
CELL_04469,34.5,78.75
CELL_04470,34.5,79.0
CELL_04471,34.5,79.25
CELL_04472,34.5,79.5
CELL_04473,34.5,79.75
CELL_04474,34.75,73.75
CELL_04475,34.75,74.0
CELL_04476,34.75,74.25
CELL_04477,34.75,74.5
CELL_04478,34.75,74.75
CELL_04479,34.75,75.0
CELL_04480,34.75,75.25
CELL_04481,34.75,75.5
CELL_04482,34.75,75.75
CELL_04483,34.75,76.0
CELL_04484,34.75,76.25
CELL_04485,34.75,76.5
CELL_04486,34.75,76.75
CELL_04487,34.75,77.0
CELL_04488,34.75,77.25
CELL_04489,34.75,77.5
CELL_04490,34.75,77.75
CELL_04491,34.75,78.0
CELL_04492,34.75,78.25
CELL_04493,34.75,78.5
CELL_04494,34.75,78.75
CELL_04495,34.75,79.0
CELL_04496,34.75,79.25
CELL_04497,34.75,79.5
CELL_04498,34.75,79.75
CELL_04499,34.75,80.0
CELL_04500,35.0,74.25
CELL_04501,35.0,74.5
CELL_04502,35.0,74.75
CELL_04503,35.0,75.0
CELL_04504,35.0,75.25
CELL_04505,35.0,75.5
CELL_04506,35.0,75.75
CELL_04507,35.0,76.0
CELL_04508,35.0,76.25
CELL_04509,35.0,76.5
CELL_04510,35.0,76.75
CELL_04511,35.0,77.0
CELL_04512,35.0,77.25
CELL_04513,35.0,77.5
CELL_04514,35.0,77.75
CELL_04515,35.0,78.0
CELL_04516,35.0,78.25
CELL_04517,35.0,78.5
CELL_04518,35.0,78.75
CELL_04519,35.0,79.0
CELL_04520,35.0,79.25
CELL_04521,35.0,79.5
CELL_04522,35.0,79.75
CELL_04523,35.0,80.0
CELL_04524,35.25,73.75
CELL_04525,35.25,74.0
CELL_04526,35.25,74.25
CELL_04527,35.25,74.5
CELL_04528,35.25,74.75
CELL_04529,35.25,75.0
CELL_04530,35.25,75.25
CELL_04531,35.25,75.5
CELL_04532,35.25,75.75
CELL_04533,35.25,76.0
CELL_04534,35.25,76.25
CELL_04535,35.25,76.5
CELL_04536,35.25,76.75
CELL_04537,35.25,77.0
CELL_04538,35.25,77.25
CELL_04539,35.25,77.5
CELL_04540,35.25,77.75
CELL_04541,35.25,78.0
CELL_04542,35.25,78.25
CELL_04543,35.25,78.5
CELL_04544,35.25,78.75
CELL_04545,35.25,79.0
CELL_04546,35.25,79.25
CELL_04547,35.25,79.5
CELL_04548,35.25,79.75
CELL_04549,35.25,80.0
CELL_04550,35.5,74.0
CELL_04551,35.5,74.25
CELL_04552,35.5,74.5
CELL_04553,35.5,74.75
CELL_04554,35.5,75.0
CELL_04555,35.5,75.25
CELL_04556,35.5,75.5
CELL_04557,35.5,75.75
CELL_04558,35.5,76.0
CELL_04559,35.5,76.25
CELL_04560,35.5,76.5
CELL_04561,35.5,76.75
CELL_04562,35.5,77.0
CELL_04563,35.5,77.25
CELL_04564,35.5,77.75
CELL_04565,35.5,78.0
CELL_04566,35.5,78.25
CELL_04567,35.5,78.5
CELL_04568,35.5,78.75
CELL_04569,35.5,79.0
CELL_04570,35.5,79.25
CELL_04571,35.5,79.5
CELL_04572,35.5,79.75
CELL_04573,35.5,80.0
CELL_04574,35.5,80.25
CELL_04575,35.75,73.25
CELL_04576,35.75,73.5
CELL_04577,35.75,73.75
CELL_04578,35.75,74.0
CELL_04579,35.75,74.25
CELL_04580,35.75,74.5
CELL_04581,35.75,74.75
CELL_04582,35.75,75.0
CELL_04583,35.75,75.25
CELL_04584,35.75,75.5
CELL_04585,35.75,75.75
CELL_04586,35.75,76.0
CELL_04587,35.75,76.25
CELL_04588,35.75,76.5
CELL_04589,35.75,76.75
CELL_04590,35.75,77.0
CELL_04591,35.75,78.5
CELL_04592,35.75,78.75
CELL_04593,35.75,79.0
CELL_04594,35.75,79.25
CELL_04595,35.75,79.5
CELL_04596,35.75,79.75
CELL_04597,35.75,80.0
CELL_04598,36.0,72.75
CELL_04599,36.0,73.0
CELL_04600,36.0,73.25
CELL_04601,36.0,73.5
CELL_04602,36.0,73.75
CELL_04603,36.0,74.0
CELL_04604,36.0,74.25
CELL_04605,36.0,74.5
CELL_04606,36.0,74.75
CELL_04607,36.0,75.0
CELL_04608,36.0,75.25
CELL_04609,36.0,75.5
CELL_04610,36.0,75.75
CELL_04611,36.0,76.0
CELL_04612,36.0,76.25
CELL_04613,36.0,76.5
CELL_04614,36.0,76.75
CELL_04615,36.25,72.75
CELL_04616,36.25,73.0
CELL_04617,36.25,73.25
CELL_04618,36.25,73.5
CELL_04619,36.25,73.75
CELL_04620,36.25,74.0
CELL_04621,36.25,74.25
CELL_04622,36.25,74.5
CELL_04623,36.25,74.75
CELL_04624,36.25,75.0
CELL_04625,36.25,75.25
CELL_04626,36.25,75.5
CELL_04627,36.25,75.75
CELL_04628,36.25,76.0
CELL_04629,36.25,76.25
CELL_04630,36.5,73.0
CELL_04631,36.5,73.25
CELL_04632,36.5,73.5
CELL_04633,36.5,73.75
CELL_04634,36.5,74.0
CELL_04635,36.5,74.25
CELL_04636,36.5,74.5
CELL_04637,36.5,74.75
CELL_04638,36.5,75.0
CELL_04639,36.5,75.25
CELL_04640,36.5,75.5
CELL_04641,36.5,75.75
CELL_04642,36.75,74.0
CELL_04643,36.75,74.25
CELL_04644,36.75,74.5
CELL_04645,36.75,74.75
CELL_04646,36.75,75.0
CELL_04647,36.75,75.25
CELL_04648,36.75,75.5
CELL_04649,37.0,74.75
CELL_04650,37.0,75.25
